Loan_ID,Gender,Married,Dependents,Education,Self_Employed,ApplicantIncome,CoapplicantIncome,LoanAmount,Loan_Amount_Term,Credit_History,Property_Area,Loan_Status
LN100001,Male,Yes,0,Graduate,No,3379,0,80.0,360.0,1.0,Semiurban,Y
LN100002,Female,Yes,0,Not Graduate,No,1429,0,40.0,360.0,1.0,Semiurban,Y
LN100003,Male,No,2,Graduate,No,3692,4860,162.0,180.0,,Rural,N
LN100004,Male,No,0,Graduate,No,6976,2209,242.0,360.0,0.0,Rural,N
LN100005,Male,No,0,Graduate,No,5825,0,168.0,360.0,1.0,Urban,N
LN100006,Male,No,2,Not Graduate,No,5527,0,164.0,360.0,0.0,Rural,N
LN100007,Male,No,0,Not Graduate,No,3934,3643,154.0,360.0,1.0,Semiurban,N
LN100008,Female,No,2,Graduate,No,2435,0,74.0,180.0,0.0,Urban,Y
LN100009,Male,Yes,0,Graduate,No,5763,1662,202.0,360.0,1.0,Rural,Y
LN100010,Male,Yes,0,Graduate,Yes,3015,2666,172.0,360.0,1.0,Semiurban,N
LN100011,Male,Yes,0,Graduate,Yes,12838,3115,396.0,360.0,1.0,Rural,Y
LN100012,Female,No,0,Graduate,No,5918,1311,185.0,360.0,1.0,Urban,N
LN100013,Female,No,2,Graduate,No,3405,0,105.0,360.0,0.0,Urban,N
LN100014,Male,Yes,0,Graduate,No,3356,964,132.0,360.0,1.0,Semiurban,Y
LN100015,Male,No,0,Graduate,No,4304,792,124.0,360.0,0.0,Urban,N
LN100016,Male,No,0,Graduate,No,4011,0,88.0,360.0,1.0,Rural,Y
LN100017,Male,Yes,0,Graduate,No,7692,1948,227.0,360.0,1.0,Urban,N
LN100018,Male,Yes,2,Graduate,No,4921,0,115.0,180.0,,Semiurban,N
LN100019,Male,No,0,Graduate,No,3167,0,70.0,180.0,1.0,Urban,Y
LN100020,Male,Yes,1,Not Graduate,No,11151,0,243.0,180.0,1.0,Urban,Y
LN100021,Male,No,3+,Graduate,No,4608,2428,211.0,360.0,0.0,Rural,N
LN100022,Male,Yes,0,Graduate,No,6509,0,124.0,360.0,0.0,Urban,Y
LN100023,Male,No,3+,Graduate,No,3361,6174,262.0,360.0,0.0,Semiurban,Y
LN100024,Male,No,0,Graduate,No,5357,1036,131.0,360.0,0.0,Rural,N
LN100025,Male,No,0,Graduate,No,5225,0,119.0,180.0,1.0,Semiurban,Y
LN100026,Male,Yes,0,Graduate,No,1817,0,40.0,300.0,0.0,Rural,Y
LN100027,Male,No,1,Not Graduate,,11839,3622,337.0,360.0,1.0,Urban,N
LN100028,Male,No,3+,Graduate,No,8361,0,240.0,360.0,0.0,Urban,N
LN100029,Male,Yes,0,Graduate,No,3719,1785,167.0,240.0,1.0,Rural,N
LN100030,Male,No,1,Graduate,No,2651,0,56.0,240.0,1.0,Semiurban,N
LN100031,Male,Yes,0,Graduate,No,5317,0,130.0,360.0,1.0,Semiurban,Y
LN100032,Male,Yes,0,Graduate,No,4691,3498,201.0,360.0,,Semiurban,Y
LN100033,Male,Yes,0,Graduate,Yes,5338,0,161.0,240.0,1.0,Semiurban,Y
LN100034,Female,Yes,3+,Graduate,No,4933,0,141.0,360.0,0.0,Urban,N
LN100035,Female,Yes,1,Graduate,No,5738,0,145.0,360.0,1.0,Rural,N
LN100036,Female,,0,Graduate,No,9014,0,247.0,360.0,1.0,Semiurban,N
LN100037,Male,Yes,0,Graduate,No,5911,0,177.0,360.0,1.0,Semiurban,N
LN100038,Male,No,0,Not Graduate,No,2719,2373,92.0,240.0,1.0,Rural,N
LN100039,Male,Yes,0,Graduate,No,8655,0,205.0,360.0,1.0,Semiurban,Y
LN100040,Male,Yes,0,Graduate,No,9890,0,304.0,360.0,1.0,Urban,Y
LN100041,Male,Yes,2,Graduate,No,20431,8532,600.0,300.0,0.0,Rural,Y
LN100042,Male,No,0,Not Graduate,No,2624,0,67.0,360.0,1.0,Rural,Y
LN100043,Male,Yes,0,Graduate,No,5056,0,128.0,360.0,1.0,Semiurban,Y
LN100044,Female,Yes,0,Graduate,No,1656,1452,71.0,360.0,1.0,Urban,Y
LN100045,Male,No,2,Graduate,No,5868,3054,226.0,300.0,1.0,Urban,Y
LN100046,Male,Yes,1,Graduate,No,3459,1072,123.0,360.0,1.0,Semiurban,Y
LN100047,Male,Yes,0,Graduate,No,11329,3354,350.0,120.0,,Semiurban,Y
LN100048,Male,Yes,1,Graduate,No,3103,0,87.0,360.0,1.0,Rural,Y
LN100049,Male,No,0,Graduate,No,2000,2548,137.0,240.0,1.0,Rural,Y
LN100050,Male,Yes,0,Graduate,No,3589,0,72.0,180.0,0.0,Rural,N
LN100051,Female,No,0,Graduate,No,1743,0,42.0,360.0,1.0,Semiurban,N
LN100052,Male,Yes,0,Graduate,No,6453,0,153.0,360.0,1.0,Rural,Y
LN100053,Female,No,0,Graduate,No,1670,0,46.0,360.0,1.0,Semiurban,Y
LN100054,Female,No,3+,Graduate,No,4562,0,98.0,360.0,0.0,Urban,N
LN100055,Male,No,2,Graduate,No,1660,2285,106.0,300.0,1.0,Urban,N
LN100056,Female,Yes,1,Not Graduate,Yes,3859,0,117.0,360.0,0.0,Semiurban,N
LN100057,Male,No,0,Graduate,No,9904,0,236.0,360.0,1.0,Rural,Y
LN100058,Male,Yes,0,Graduate,Yes,5350,0,165.0,300.0,1.0,Urban,Y
LN100059,Male,Yes,1,Graduate,No,2973,0,95.0,360.0,1.0,Urban,Y
LN100060,Male,Yes,0,Not Graduate,No,4433,2659,138.0,180.0,1.0,Rural,Y
LN100061,Male,No,0,Graduate,No,4539,0,97.0,480.0,1.0,Urban,N
LN100062,Male,No,0,Graduate,No,5646,0,177.0,360.0,1.0,Rural,N
LN100063,Female,No,2,Graduate,No,2335,0,73.0,360.0,0.0,Semiurban,Y
LN100064,Male,Yes,0,Graduate,No,5981,2737,169.0,360.0,0.0,Urban,Y
LN100065,Male,Yes,0,Graduate,No,1229,0,40.0,,1.0,Rural,Y
LN100066,Male,No,2,Graduate,Yes,3326,0,67.0,300.0,1.0,Urban,Y
LN100067,Male,Yes,0,Graduate,Yes,3560,0,,360.0,1.0,Semiurban,Y
LN100068,Female,Yes,0,Not Graduate,No,6099,0,125.0,180.0,1.0,Urban,N
LN100069,Male,Yes,0,Graduate,No,4549,0,114.0,360.0,1.0,Urban,N
LN100070,Female,Yes,0,Graduate,No,2292,1639,117.0,360.0,0.0,Urban,Y
LN100071,Male,Yes,2,Graduate,No,2805,3029,107.0,360.0,0.0,Urban,Y
LN100072,Male,Yes,0,Graduate,No,4950,2141,188.0,360.0,1.0,Urban,Y
LN100073,Male,Yes,0,Graduate,No,4332,0,,360.0,0.0,Rural,Y
LN100074,Female,Yes,2,Graduate,No,3408,0,102.0,360.0,1.0,Semiurban,N
LN100075,Male,No,2,Graduate,No,3573,0,78.0,180.0,1.0,Semiurban,Y
LN100076,Male,Yes,2,Not Graduate,No,6285,2732,249.0,360.0,1.0,Semiurban,N
LN100077,Male,Yes,0,Not Graduate,No,3510,559,112.0,240.0,1.0,Rural,Y
LN100078,Male,No,0,Graduate,No,4314,1977,,360.0,1.0,Rural,Y
LN100079,Male,Yes,3+,Graduate,No,12751,0,236.0,180.0,1.0,Semiurban,Y
LN100080,Male,No,2,Not Graduate,No,2272,0,54.0,360.0,,Rural,Y
LN100081,Female,No,0,Graduate,No,1850,0,41.0,360.0,1.0,Urban,Y
LN100082,Male,Yes,0,Not Graduate,No,6555,6382,379.0,300.0,0.0,Semiurban,Y
LN100083,Male,Yes,0,Graduate,No,3249,2882,179.0,360.0,1.0,Semiurban,Y
LN100084,Male,No,2,Graduate,No,3863,1446,130.0,120.0,1.0,Semiurban,N
LN100085,Male,No,0,Graduate,No,3093,0,82.0,360.0,1.0,Semiurban,Y
LN100086,Male,Yes,0,Graduate,Yes,3972,0,105.0,120.0,1.0,Semiurban,Y
LN100087,Male,Yes,0,Graduate,Yes,9693,1472,330.0,360.0,1.0,Rural,Y
LN100088,Male,Yes,1,Graduate,No,6613,2803,226.0,360.0,0.0,Rural,N
LN100089,Female,No,2,Graduate,No,6807,0,149.0,360.0,1.0,Semiurban,N
LN100090,Male,Yes,0,Graduate,Yes,2280,0,49.0,240.0,0.0,Semiurban,N
LN100091,Male,No,2,Graduate,No,2590,0,66.0,360.0,1.0,Urban,Y
LN100092,Male,Yes,3+,Not Graduate,No,1152,0,40.0,360.0,1.0,Urban,Y
LN100093,Male,Yes,0,Graduate,No,3051,0,74.0,360.0,0.0,Semiurban,Y
LN100094,Male,Yes,0,Not Graduate,No,7123,5443,242.0,360.0,0.0,Semiurban,Y
LN100095,Male,Yes,0,Graduate,No,5767,0,162.0,360.0,0.0,Urban,N
LN100096,Male,Yes,2,Graduate,No,4046,0,85.0,300.0,1.0,Rural,N
LN100097,Male,Yes,1,Not Graduate,Yes,4452,0,92.0,360.0,0.0,Semiurban,N
LN100098,Male,Yes,1,Graduate,Yes,3233,2556,138.0,240.0,0.0,Semiurban,Y
LN100099,Male,No,2,Graduate,No,4965,2775,164.0,300.0,0.0,Urban,Y
LN100100,Male,Yes,0,Graduate,,6499,0,170.0,300.0,1.0,Urban,Y
LN100101,Male,Yes,2,Graduate,No,2072,2144,98.0,360.0,1.0,Rural,Y
LN100102,Male,No,0,Graduate,No,5196,2313,182.0,360.0,0.0,Semiurban,Y
LN100103,Male,No,0,Not Graduate,No,7040,0,180.0,360.0,1.0,Rural,N
LN100104,Male,No,1,Graduate,No,3687,0,77.0,300.0,1.0,Rural,Y
LN100105,Female,No,2,Graduate,No,6299,2818,184.0,360.0,1.0,Semiurban,Y
LN100106,Male,Yes,0,Graduate,No,17376,1903,585.0,360.0,1.0,Urban,N
LN100107,Male,Yes,2,Graduate,No,4280,725,120.0,360.0,1.0,Rural,Y
LN100108,Male,No,2,Graduate,Yes,5435,6393,281.0,300.0,1.0,Rural,N
LN100109,Male,No,0,Graduate,No,3158,1126,79.0,300.0,0.0,Semiurban,N
LN100110,Male,Yes,3+,Graduate,No,4909,0,123.0,180.0,1.0,Rural,Y
LN100111,Male,,0,Graduate,No,5613,0,145.0,360.0,1.0,Rural,Y
LN100112,Male,Yes,0,Graduate,No,4941,0,128.0,360.0,1.0,Semiurban,Y
LN100113,Female,Yes,0,Graduate,Yes,2758,0,77.0,180.0,1.0,Semiurban,N
LN100114,Female,Yes,2,Graduate,Yes,4969,629,115.0,300.0,1.0,Rural,N
LN100115,,Yes,1,Graduate,No,9079,3995,281.0,360.0,1.0,Semiurban,Y
LN100116,Female,Yes,0,Not Graduate,No,5581,1754,215.0,360.0,1.0,Urban,Y
LN100117,Female,Yes,0,Graduate,No,7141,0,223.0,360.0,0.0,Semiurban,Y
LN100118,Male,No,1,Graduate,No,4016,1310,106.0,360.0,1.0,Urban,Y
LN100119,Female,Yes,0,Graduate,No,6450,0,161.0,360.0,1.0,Urban,Y
LN100120,Male,Yes,2,Graduate,No,5146,0,108.0,240.0,1.0,Rural,Y
LN100121,Female,No,2,Graduate,No,2851,2928,109.0,360.0,1.0,Urban,Y
LN100122,Female,No,0,Graduate,No,5243,1842,160.0,360.0,1.0,Urban,N
LN100123,Male,No,3+,Graduate,No,2796,3722,130.0,360.0,0.0,Urban,Y
LN100124,Male,No,0,Graduate,No,3321,0,93.0,,1.0,Semiurban,N
LN100125,Male,No,3+,Graduate,No,4928,0,126.0,360.0,1.0,Semiurban,N
LN100126,Male,Yes,1,Graduate,No,5190,0,104.0,360.0,1.0,Urban,Y
LN100127,Female,Yes,1,Graduate,No,2543,0,46.0,360.0,1.0,Urban,Y
LN100128,Female,Yes,0,Graduate,No,7463,1785,271.0,120.0,0.0,Urban,N
LN100129,Male,Yes,2,Not Graduate,No,5922,2056,163.0,360.0,1.0,Semiurban,Y
LN100130,Male,Yes,0,Not Graduate,Yes,3209,1658,129.0,360.0,1.0,Urban,Y
LN100131,Male,No,0,Not Graduate,No,2151,0,49.0,360.0,1.0,Rural,Y
LN100132,Male,Yes,0,Not Graduate,No,4198,5554,255.0,360.0,1.0,Semiurban,N
LN100133,Male,Yes,0,Not Graduate,No,3633,0,81.0,360.0,1.0,Urban,Y
LN100134,Male,Yes,0,Graduate,No,4751,779,,360.0,1.0,Semiurban,Y
LN100135,Female,No,1,Graduate,No,3780,0,80.0,360.0,1.0,Semiurban,Y
LN100136,Male,Yes,2,Graduate,Yes,1717,0,40.0,360.0,1.0,Semiurban,Y
LN100137,Male,No,0,Graduate,No,3735,0,90.0,360.0,1.0,Urban,Y
LN100138,Male,Yes,1,Graduate,No,3886,1588,149.0,360.0,1.0,Semiurban,Y
LN100139,Male,Yes,0,Graduate,No,6100,0,132.0,360.0,0.0,Rural,N
LN100140,Female,Yes,2,Graduate,No,3219,0,58.0,360.0,1.0,Rural,N
LN100141,Female,No,2,Graduate,No,10073,1654,296.0,360.0,0.0,Urban,N
LN100142,Male,Yes,0,Not Graduate,Yes,1798,0,,360.0,1.0,Semiurban,Y
LN100143,Male,No,1,Graduate,Yes,8444,0,266.0,300.0,0.0,Semiurban,Y
LN100144,Male,Yes,0,Graduate,No,4041,0,106.0,360.0,1.0,Rural,N
LN100145,Male,Yes,0,Graduate,No,6798,0,167.0,360.0,1.0,Rural,N
LN100146,Male,No,2,Graduate,No,4676,1322,156.0,360.0,1.0,Urban,Y
LN100147,Male,No,0,Not Graduate,Yes,7776,873,268.0,360.0,1.0,Urban,Y
LN100148,Male,No,0,Graduate,No,3736,0,111.0,300.0,1.0,Semiurban,Y
LN100149,Male,No,0,Not Graduate,No,2656,1470,93.0,360.0,1.0,Urban,N
LN100150,Male,No,2,Graduate,No,8899,0,190.0,360.0,0.0,Semiurban,N
LN100151,Female,No,0,Graduate,Yes,4261,0,92.0,360.0,1.0,Urban,Y
LN100152,Male,No,0,Graduate,Yes,5005,0,125.0,240.0,1.0,Semiurban,N
LN100153,Male,No,1,Graduate,No,8140,0,231.0,120.0,,Rural,Y
LN100154,Male,No,2,Graduate,No,2742,0,69.0,360.0,1.0,Rural,N
LN100155,Female,Yes,0,Graduate,No,5989,956,132.0,360.0,1.0,Semiurban,Y
LN100156,Male,No,0,Graduate,Yes,3390,7413,304.0,360.0,1.0,Semiurban,Y
LN100157,Male,Yes,0,Not Graduate,No,4223,0,124.0,240.0,1.0,Rural,Y
LN100158,Male,No,0,Graduate,No,4659,1454,135.0,360.0,1.0,Urban,Y
LN100159,Male,No,0,Not Graduate,No,2190,573,75.0,300.0,0.0,Semiurban,N
LN100160,Male,Yes,2,Graduate,No,3096,1990,122.0,300.0,1.0,Semiurban,Y
LN100161,Male,No,1,Graduate,No,8607,2156,328.0,,0.0,Urban,Y
LN100162,Male,Yes,1,Graduate,Yes,6886,0,205.0,360.0,1.0,Semiurban,Y
LN100163,Male,Yes,0,Graduate,No,4367,1007,136.0,300.0,1.0,Urban,Y
LN100164,Male,No,2,Graduate,No,5057,931,,360.0,1.0,Semiurban,N
LN100165,Male,Yes,0,Graduate,No,3907,3352,220.0,240.0,1.0,Urban,N
LN100166,Female,No,3+,Graduate,No,8630,0,215.0,360.0,1.0,Urban,Y
LN100167,Male,No,1,Not Graduate,No,4087,0,91.0,360.0,1.0,Urban,Y
LN100168,Male,Yes,0,Graduate,Yes,5030,0,144.0,360.0,1.0,Rural,Y
LN100169,Male,Yes,1,Graduate,No,7800,0,164.0,360.0,1.0,Semiurban,N
LN100170,Male,Yes,0,Graduate,Yes,3099,0,73.0,360.0,0.0,Semiurban,N
LN100171,Male,Yes,1,Graduate,No,9510,2388,358.0,240.0,1.0,Semiurban,N
LN100172,Male,No,,Graduate,No,2159,0,61.0,360.0,1.0,Semiurban,N
LN100173,Male,Yes,0,Graduate,No,9839,2265,286.0,360.0,1.0,Urban,N
LN100174,Male,Yes,2,Graduate,No,3763,0,79.0,300.0,1.0,Rural,N
LN100175,Male,Yes,0,Graduate,No,4005,1398,124.0,240.0,1.0,Urban,Y
LN100176,Male,Yes,2,Graduate,No,1816,0,40.0,240.0,1.0,Urban,Y
LN100177,Male,No,0,Graduate,No,3617,0,74.0,240.0,1.0,Semiurban,Y
LN100178,Male,Yes,1,Not Graduate,No,2732,380,88.0,360.0,0.0,Urban,Y
LN100179,Female,No,1,Not Graduate,No,3362,7409,232.0,360.0,1.0,Urban,N
LN100180,Male,Yes,0,Graduate,No,4213,1392,137.0,360.0,1.0,Semiurban,Y
LN100181,Male,No,0,Graduate,No,7126,0,167.0,360.0,1.0,Semiurban,Y
LN100182,Male,Yes,0,Graduate,No,4972,0,158.0,360.0,1.0,Semiurban,Y
LN100183,Female,Yes,0,Graduate,No,5216,5662,,360.0,1.0,Semiurban,Y
LN100184,Female,No,0,Graduate,No,2660,0,51.0,120.0,1.0,Semiurban,Y
LN100185,Male,Yes,1,Graduate,Yes,2949,2146,98.0,360.0,,Semiurban,N
LN100186,Male,No,3+,Graduate,No,10670,0,280.0,360.0,1.0,Urban,N
LN100187,Female,No,2,Graduate,Yes,3162,0,83.0,120.0,1.0,Semiurban,Y
LN100188,Male,Yes,2,Graduate,No,9965,0,238.0,180.0,1.0,Semiurban,Y
LN100189,Male,Yes,2,Not Graduate,No,4004,0,96.0,360.0,1.0,Urban,Y
LN100190,Male,No,1,Not Graduate,No,4505,1224,,360.0,1.0,Rural,Y
LN100191,Male,Yes,0,Graduate,No,7522,5642,332.0,300.0,,Rural,N
LN100192,Female,Yes,2,Not Graduate,No,8286,0,208.0,360.0,1.0,Urban,Y
LN100193,Female,Yes,1,Not Graduate,No,4267,3800,162.0,360.0,0.0,Urban,Y
LN100194,Male,Yes,0,Graduate,No,3735,0,73.0,360.0,0.0,Urban,N
LN100195,Male,Yes,0,Graduate,No,4381,0,86.0,180.0,1.0,Urban,Y
LN100196,Male,No,0,Graduate,No,5293,0,103.0,360.0,1.0,Urban,Y
LN100197,Male,No,0,Not Graduate,Yes,6903,3870,286.0,360.0,1.0,Semiurban,Y
LN100198,Female,No,2,Not Graduate,No,4509,2786,151.0,180.0,1.0,Rural,Y
LN100199,Female,No,0,Graduate,No,6057,5387,246.0,360.0,1.0,Semiurban,Y
LN100200,Male,Yes,0,Graduate,No,9880,3249,268.0,360.0,,Urban,Y
LN100201,Male,No,3+,Graduate,No,5404,1334,212.0,300.0,1.0,Semiurban,Y
LN100202,Male,Yes,0,Graduate,No,5226,1490,201.0,300.0,1.0,Semiurban,N
LN100203,Male,Yes,0,Graduate,Yes,2171,2673,103.0,300.0,1.0,Rural,Y
LN100204,Female,Yes,0,Not Graduate,No,1273,556,41.0,480.0,1.0,Rural,N
LN100205,Male,Yes,1,Graduate,Yes,5422,0,114.0,300.0,1.0,Rural,Y
LN100206,Male,No,2,Not Graduate,No,4300,0,107.0,360.0,1.0,Semiurban,Y
LN100207,Male,No,0,Not Graduate,No,3515,0,64.0,360.0,1.0,Semiurban,Y
LN100208,Male,Yes,2,Graduate,No,5058,0,,240.0,1.0,Urban,Y
LN100209,Male,Yes,0,Graduate,Yes,4371,5614,253.0,480.0,1.0,Semiurban,Y
LN100210,Male,No,2,Graduate,Yes,7732,0,236.0,360.0,1.0,Urban,Y
LN100211,Male,,2,Graduate,Yes,4690,1059,117.0,360.0,1.0,Semiurban,Y
LN100212,Male,Yes,2,Graduate,No,3144,0,92.0,300.0,1.0,Semiurban,Y
LN100213,Male,Yes,0,Graduate,No,7238,0,211.0,360.0,1.0,Urban,Y
LN100214,Male,No,3+,Graduate,No,4055,0,80.0,360.0,1.0,Urban,N
LN100215,Male,No,,Graduate,No,5794,3444,218.0,480.0,1.0,Urban,Y
LN100216,Male,Yes,0,Graduate,No,3578,0,73.0,240.0,1.0,Urban,Y
LN100217,Male,Yes,2,Graduate,Yes,3294,0,71.0,360.0,1.0,Urban,Y
LN100218,Male,No,0,Graduate,No,4686,5334,217.0,360.0,1.0,Urban,Y
LN100219,Male,No,2,Graduate,No,4528,846,139.0,240.0,1.0,Urban,Y
LN100220,Female,Yes,0,Graduate,No,5665,0,135.0,360.0,1.0,Urban,Y
LN100221,Male,No,1,Graduate,No,3956,0,124.0,360.0,1.0,Rural,Y
LN100222,Male,Yes,,Graduate,No,1864,0,40.0,360.0,1.0,Urban,Y
LN100223,Male,Yes,0,Graduate,No,3656,1569,165.0,360.0,1.0,Urban,Y
LN100224,Male,No,0,Graduate,No,6587,0,140.0,480.0,1.0,Semiurban,N
LN100225,Male,Yes,0,Graduate,No,3901,0,112.0,360.0,1.0,Rural,N
LN100226,Male,Yes,0,Not Graduate,No,3998,0,91.0,360.0,1.0,Semiurban,Y
LN100227,Female,Yes,0,Graduate,No,7225,0,145.0,360.0,0.0,Urban,N
LN100228,Male,Yes,1,Graduate,No,3197,3699,207.0,360.0,,Semiurban,N
LN100229,Female,No,0,Graduate,No,2146,0,48.0,360.0,0.0,Semiurban,Y
LN100230,Male,Yes,0,Graduate,No,4166,0,113.0,360.0,1.0,Semiurban,Y
LN100231,Male,No,2,Graduate,No,3567,0,92.0,360.0,1.0,Semiurban,Y
LN100232,Male,Yes,0,Graduate,No,2830,0,70.0,360.0,1.0,Rural,N
LN100233,Male,Yes,2,Graduate,No,4137,0,103.0,180.0,1.0,Rural,Y
LN100234,Male,Yes,2,Graduate,No,5697,1022,190.0,300.0,1.0,Semiurban,N
LN100235,Male,No,1,Graduate,Yes,4480,6083,203.0,360.0,1.0,Semiurban,Y
LN100236,Male,Yes,1,Graduate,No,5214,2713,217.0,120.0,1.0,Semiurban,Y
LN100237,Male,No,2,Graduate,Yes,10746,4347,461.0,300.0,1.0,Rural,Y
LN100238,Male,Yes,0,Not Graduate,No,3817,5539,176.0,360.0,1.0,Urban,Y
LN100239,Male,No,0,Graduate,No,5143,0,103.0,120.0,1.0,Rural,N
LN100240,Male,Yes,0,Graduate,No,3524,1701,146.0,300.0,1.0,Urban,N
LN100241,Female,No,2,Graduate,No,2998,4714,186.0,360.0,1.0,Semiurban,Y
LN100242,Female,No,0,Graduate,No,3398,2501,140.0,360.0,1.0,Rural,N
LN100243,Female,No,1,Graduate,No,3576,0,71.0,360.0,1.0,Urban,N
LN100244,Male,No,3+,Graduate,No,5347,0,134.0,360.0,1.0,Semiurban,Y
LN100245,Male,No,2,Graduate,No,13896,3343,341.0,360.0,1.0,Urban,N
LN100246,Female,Yes,0,Graduate,No,3191,1651,119.0,360.0,1.0,Semiurban,Y
LN100247,Male,Yes,0,Graduate,No,3684,7322,,360.0,1.0,Urban,Y
LN100248,Female,Yes,2,Graduate,,4366,0,94.0,300.0,0.0,Semiurban,Y
LN100249,Female,No,1,Not Graduate,No,5442,0,135.0,240.0,1.0,Semiurban,N
LN100250,Female,Yes,0,Graduate,No,5107,0,163.0,360.0,0.0,Rural,Y
LN100251,Male,No,0,Graduate,No,8335,1306,266.0,360.0,0.0,Rural,N
LN100252,Male,Yes,2,Graduate,Yes,1404,0,42.0,360.0,1.0,Urban,N
LN100253,Female,Yes,1,Graduate,No,1431,0,40.0,360.0,1.0,Semiurban,Y
LN100254,Male,Yes,2,Graduate,No,3547,3227,195.0,360.0,1.0,Urban,Y
LN100255,Male,No,2,Graduate,No,7620,0,141.0,480.0,1.0,Urban,Y
LN100256,Male,Yes,1,Graduate,No,2122,1727,76.0,360.0,1.0,Urban,Y
LN100257,Female,Yes,0,Graduate,No,1062,0,40.0,240.0,1.0,Rural,Y
LN100258,Male,Yes,0,Graduate,No,5919,2567,201.0,360.0,1.0,Rural,Y
LN100259,Male,Yes,0,Graduate,No,5058,3317,250.0,300.0,1.0,Urban,Y
LN100260,Male,Yes,,Not Graduate,No,2667,1935,105.0,360.0,0.0,Urban,Y
LN100261,Male,Yes,2,Graduate,Yes,2804,3546,172.0,360.0,1.0,Urban,Y
LN100262,Female,No,1,Graduate,No,2825,0,79.0,360.0,1.0,Semiurban,Y
LN100263,Male,Yes,2,Graduate,No,4745,0,124.0,360.0,0.0,Semiurban,N
LN100264,Male,Yes,0,Graduate,No,3332,0,77.0,360.0,1.0,Urban,N
LN100265,Female,Yes,1,Not Graduate,No,5704,4382,263.0,360.0,1.0,Rural,Y
LN100266,Male,Yes,1,Graduate,No,1143,2795,90.0,360.0,1.0,Urban,Y
LN100267,Male,Yes,1,Graduate,No,2983,0,57.0,360.0,1.0,Rural,Y
LN100268,Male,Yes,1,Graduate,Yes,2621,1133,120.0,360.0,1.0,Semiurban,Y
LN100269,Male,Yes,0,Graduate,No,3979,0,79.0,360.0,0.0,Semiurban,Y
LN100270,Male,Yes,0,Graduate,No,3476,1168,88.0,300.0,1.0,Rural,Y
LN100271,Female,No,0,Graduate,No,6600,1212,237.0,360.0,1.0,Rural,N
LN100272,Female,No,0,Graduate,No,1843,0,41.0,360.0,1.0,Urban,Y
LN100273,Female,No,0,Graduate,No,4599,0,125.0,360.0,1.0,Semiurban,N
LN100274,Female,Yes,1,Graduate,No,5883,0,133.0,360.0,0.0,Rural,Y
LN100275,Male,Yes,3+,Not Graduate,No,10971,2175,309.0,360.0,0.0,Urban,N
LN100276,Male,Yes,1,Not Graduate,No,3571,0,77.0,360.0,1.0,Urban,Y
LN100277,Male,Yes,2,Not Graduate,No,5258,0,120.0,360.0,1.0,Semiurban,Y
LN100278,Male,No,0,Graduate,No,1893,0,,360.0,1.0,Rural,Y
LN100279,Male,Yes,1,Graduate,Yes,1428,0,40.0,240.0,1.0,Rural,Y
LN100280,Male,Yes,0,Not Graduate,No,6750,0,170.0,480.0,1.0,Rural,Y
LN100281,Female,Yes,0,Graduate,No,4488,2406,215.0,240.0,1.0,Semiurban,Y
LN100282,Male,No,0,Graduate,No,7923,0,147.0,120.0,0.0,Urban,N
LN100283,Male,Yes,0,Not Graduate,No,2328,2846,130.0,360.0,1.0,Semiurban,N
LN100284,Male,Yes,0,Not Graduate,Yes,5776,5091,284.0,300.0,0.0,Rural,N
LN100285,Male,Yes,0,Graduate,No,11035,0,341.0,360.0,1.0,Urban,Y
LN100286,Male,Yes,0,Graduate,No,5504,0,103.0,360.0,1.0,Urban,Y
LN100287,Male,Yes,3+,Graduate,No,5139,10302,402.0,360.0,,Urban,N
LN100288,Male,Yes,0,Not Graduate,No,4519,2837,220.0,480.0,1.0,Semiurban,Y
LN100289,Male,Yes,0,Not Graduate,No,2117,0,45.0,360.0,0.0,Rural,N
LN100290,Male,Yes,0,Graduate,No,8626,0,261.0,360.0,1.0,Semiurban,Y
LN100291,Male,Yes,1,Graduate,No,3356,0,61.0,240.0,1.0,Rural,Y
LN100292,Male,,0,Not Graduate,Yes,5733,3241,254.0,360.0,0.0,Urban,N
LN100293,Female,Yes,0,Graduate,No,2125,0,,360.0,1.0,Rural,N
LN100294,Male,No,0,Graduate,No,2555,0,69.0,360.0,0.0,Rural,N
LN100295,Male,No,0,Not Graduate,No,8961,2033,265.0,360.0,0.0,Urban,Y
LN100296,Male,Yes,0,Graduate,No,3809,2697,121.0,360.0,1.0,Rural,Y
LN100297,Male,Yes,0,Graduate,No,9040,0,279.0,360.0,1.0,Urban,Y
LN100298,Male,Yes,0,Graduate,No,4334,0,107.0,480.0,1.0,Rural,Y
LN100299,Male,Yes,0,Graduate,No,1859,697,47.0,180.0,1.0,Rural,N
LN100300,Male,No,0,Not Graduate,No,6905,0,191.0,360.0,1.0,Rural,Y
LN100301,Male,Yes,2,Graduate,Yes,3390,0,84.0,360.0,1.0,Semiurban,Y
LN100302,Male,No,1,Not Graduate,No,6293,1897,162.0,360.0,1.0,Urban,Y
LN100303,Male,Yes,0,Graduate,No,4555,0,96.0,,1.0,Semiurban,N
LN100304,Male,Yes,0,Graduate,No,2146,1401,67.0,360.0,1.0,Semiurban,Y
LN100305,Male,No,3+,Graduate,No,4869,989,,360.0,1.0,Rural,Y
LN100306,Female,No,0,Graduate,Yes,12913,0,345.0,240.0,1.0,Rural,Y
LN100307,Male,No,0,Graduate,No,5701,0,143.0,360.0,0.0,Rural,N
LN100308,Male,No,1,Graduate,,4377,831,153.0,360.0,1.0,Urban,N
LN100309,Male,Yes,0,Graduate,No,7540,4261,355.0,360.0,1.0,Rural,Y
LN100310,Male,No,0,Graduate,No,4979,4253,246.0,360.0,1.0,Rural,Y
LN100311,Male,Yes,0,Graduate,No,4976,4648,175.0,360.0,,Rural,Y
LN100312,Male,No,2,Graduate,No,2665,0,74.0,120.0,0.0,Urban,N
LN100313,Male,Yes,0,Graduate,Yes,5035,10460,370.0,360.0,1.0,Urban,Y
LN100314,Female,No,1,Graduate,,7397,0,192.0,300.0,1.0,Urban,Y
LN100315,Female,Yes,3+,Graduate,No,3012,0,82.0,360.0,1.0,Semiurban,Y
LN100316,Male,Yes,0,Graduate,No,8916,0,204.0,240.0,1.0,Semiurban,Y
LN100317,Male,Yes,0,Graduate,No,4306,0,133.0,360.0,1.0,Rural,N
LN100318,Male,No,0,Graduate,Yes,2939,6771,193.0,360.0,1.0,Semiurban,N
LN100319,Male,Yes,0,Not Graduate,No,7264,0,199.0,300.0,1.0,Semiurban,Y
LN100320,Male,Yes,0,Graduate,No,3921,0,71.0,300.0,1.0,Semiurban,Y
LN100321,Male,Yes,2,Graduate,No,6480,0,201.0,360.0,0.0,Rural,N
LN100322,Male,Yes,1,Graduate,No,3912,4852,172.0,180.0,1.0,Rural,Y
LN100323,Male,No,1,Graduate,No,4373,1974,123.0,180.0,1.0,Rural,Y
LN100324,Male,Yes,0,Graduate,No,5703,0,129.0,360.0,1.0,Semiurban,Y
LN100325,Female,No,2,Not Graduate,,5174,0,120.0,360.0,1.0,Semiurban,Y
LN100326,Male,Yes,3+,Graduate,No,1727,0,40.0,,0.0,Rural,Y
LN100327,Male,Yes,2,Not Graduate,Yes,2627,2624,138.0,360.0,1.0,Semiurban,N
LN100328,Male,No,0,Graduate,No,7030,4869,288.0,360.0,1.0,Urban,N
LN100329,Male,No,1,Graduate,Yes,4223,0,78.0,360.0,1.0,Urban,Y
LN100330,Male,Yes,0,Graduate,No,3500,3688,162.0,360.0,1.0,Urban,Y
LN100331,Male,Yes,0,Graduate,No,2344,0,69.0,180.0,1.0,Semiurban,Y
LN100332,Male,No,0,Graduate,Yes,2680,3998,185.0,360.0,1.0,Urban,Y
LN100333,Male,Yes,1,Graduate,No,1705,0,48.0,360.0,,Urban,Y
LN100334,Male,No,1,Graduate,No,4286,0,119.0,360.0,1.0,Urban,Y
LN100335,Male,No,0,Not Graduate,No,3376,0,75.0,240.0,1.0,Semiurban,N
LN100336,Male,No,0,Graduate,Yes,2830,0,55.0,360.0,1.0,Semiurban,N
LN100337,Female,Yes,0,Not Graduate,No,4355,1452,127.0,360.0,0.0,Semiurban,N
LN100338,Male,No,0,Graduate,No,5359,0,159.0,180.0,1.0,Urban,Y
LN100339,Male,Yes,0,Graduate,No,12290,4393,529.0,360.0,0.0,Urban,Y
LN100340,Male,Yes,0,Graduate,No,2178,1809,99.0,360.0,1.0,Semiurban,N
LN100341,Male,Yes,2,Not Graduate,No,7851,0,142.0,360.0,1.0,Semiurban,Y
LN100342,Male,Yes,0,Graduate,Yes,7179,0,143.0,180.0,1.0,Urban,Y
LN100343,Male,No,0,Graduate,No,3096,0,70.0,360.0,1.0,Urban,Y
LN100344,Male,No,0,Graduate,No,4961,3355,217.0,360.0,1.0,Rural,N
LN100345,Male,No,3+,Graduate,No,3613,0,69.0,360.0,1.0,Semiurban,N
LN100346,Male,Yes,1,Graduate,No,4920,0,154.0,180.0,1.0,Urban,Y
LN100347,Male,Yes,1,Graduate,No,9286,0,215.0,120.0,1.0,Urban,N
LN100348,Male,Yes,0,Graduate,No,6018,1397,228.0,360.0,1.0,Rural,Y
LN100349,Male,No,1,Graduate,No,5744,0,166.0,240.0,1.0,Semiurban,Y
LN100350,Male,Yes,0,Graduate,No,3660,0,105.0,360.0,1.0,Semiurban,N
LN100351,Male,No,1,Graduate,No,2207,0,58.0,360.0,1.0,Semiurban,N
LN100352,Female,Yes,2,Graduate,No,4072,0,109.0,360.0,1.0,Rural,Y
LN100353,Male,Yes,1,Not Graduate,No,8031,5530,365.0,360.0,1.0,Rural,N
LN100354,Male,No,2,Graduate,No,2162,0,58.0,120.0,1.0,Semiurban,N
LN100355,Male,Yes,1,Graduate,No,2712,2350,130.0,240.0,0.0,Semiurban,N
LN100356,Male,No,0,Graduate,No,4781,2013,216.0,180.0,1.0,Urban,N
LN100357,Male,No,2,Graduate,No,2805,2043,137.0,360.0,1.0,Rural,Y
LN100358,Male,Yes,0,Graduate,No,3076,914,115.0,360.0,1.0,Semiurban,N
LN100359,,Yes,0,Not Graduate,No,3672,0,111.0,180.0,1.0,Urban,N
LN100360,Male,Yes,0,Graduate,No,2336,0,49.0,360.0,0.0,Rural,Y
LN100361,Male,No,0,Not Graduate,Yes,2819,4058,132.0,360.0,0.0,Rural,N
LN100362,Male,Yes,0,Graduate,No,6307,0,156.0,360.0,1.0,Rural,Y
LN100363,Male,Yes,0,Graduate,No,2403,2249,117.0,240.0,1.0,Rural,Y
LN100364,Male,Yes,0,Graduate,No,2090,0,62.0,300.0,1.0,Rural,Y
LN100365,Female,No,1,Not Graduate,No,3326,2620,144.0,120.0,1.0,Urban,Y
LN100366,Male,Yes,0,Graduate,No,6394,4040,271.0,360.0,1.0,Rural,Y
LN100367,Female,No,0,Graduate,Yes,4094,0,104.0,360.0,1.0,Rural,N
LN100368,Female,No,0,Graduate,No,3601,0,67.0,360.0,1.0,Urban,Y
LN100369,Male,Yes,0,Graduate,No,4597,2909,200.0,360.0,1.0,Urban,Y
LN100370,Male,Yes,1,Graduate,No,1947,1568,104.0,360.0,1.0,Rural,N
LN100371,Male,No,,Graduate,No,5706,0,115.0,360.0,1.0,Urban,Y
LN100372,Male,Yes,,Graduate,No,5409,2904,219.0,180.0,1.0,Rural,Y
LN100373,Male,No,1,Graduate,Yes,3697,0,97.0,360.0,0.0,Urban,N
LN100374,Male,Yes,0,Graduate,No,7293,0,148.0,480.0,1.0,Urban,Y
LN100375,Male,Yes,1,Not Graduate,No,2619,1397,79.0,360.0,1.0,Semiurban,Y
LN100376,Male,No,0,Graduate,No,7733,4989,404.0,,0.0,Urban,N
LN100377,Female,Yes,0,Graduate,No,4846,11426,383.0,360.0,0.0,Semiurban,N
LN100378,Male,Yes,2,Graduate,No,3829,1429,111.0,180.0,1.0,Semiurban,N
LN100379,Female,Yes,0,Graduate,No,4457,0,91.0,300.0,1.0,Urban,Y
LN100380,Male,Yes,2,Graduate,No,4274,1559,160.0,120.0,1.0,Urban,Y
LN100381,Male,Yes,2,Graduate,Yes,8083,0,214.0,360.0,1.0,Semiurban,Y
LN100382,Male,Yes,2,Graduate,Yes,2684,0,72.0,180.0,1.0,Urban,Y
LN100383,,No,2,Graduate,No,3121,0,60.0,360.0,0.0,Rural,N
LN100384,Female,Yes,0,Graduate,No,7400,0,226.0,360.0,1.0,Semiurban,Y
LN100385,Male,No,0,Graduate,No,3381,0,79.0,360.0,1.0,Urban,Y
LN100386,Female,Yes,1,Not Graduate,No,6933,0,155.0,360.0,1.0,Semiurban,Y
LN100387,Male,No,0,Graduate,No,10174,0,249.0,360.0,1.0,Urban,Y
LN100388,Male,Yes,1,Graduate,Yes,3711,0,87.0,180.0,1.0,Urban,Y
LN100389,Male,No,1,Graduate,Yes,6241,3579,295.0,120.0,1.0,Urban,Y
LN100390,Female,Yes,1,Graduate,Yes,2586,0,80.0,360.0,1.0,Rural,N
LN100391,Female,Yes,0,Graduate,No,6465,0,144.0,360.0,1.0,Rural,Y
LN100392,Male,Yes,0,Not Graduate,No,4952,2752,232.0,300.0,1.0,Rural,Y
LN100393,Male,Yes,,Not Graduate,No,5647,1524,208.0,360.0,1.0,Semiurban,Y
LN100394,Male,Yes,0,Graduate,Yes,3301,2866,191.0,300.0,0.0,Urban,Y
LN100395,Male,Yes,2,Not Graduate,No,2027,0,43.0,360.0,1.0,Semiurban,N
LN100396,Female,No,,Not Graduate,No,5730,1508,189.0,360.0,0.0,Semiurban,Y
LN100397,Female,Yes,0,Not Graduate,No,1671,0,40.0,360.0,1.0,Rural,Y
LN100398,Male,Yes,0,Not Graduate,Yes,3864,0,114.0,360.0,1.0,Urban,N
LN100399,Male,Yes,1,Graduate,No,7070,0,128.0,360.0,1.0,Urban,Y
LN100400,Male,No,1,Graduate,Yes,4934,971,153.0,300.0,1.0,Semiurban,Y
LN100401,Male,Yes,0,Graduate,Yes,11465,0,,240.0,0.0,Rural,N
LN100402,Female,Yes,0,Graduate,No,7361,0,166.0,,0.0,Rural,N
LN100403,Male,Yes,0,Not Graduate,No,3288,0,89.0,360.0,1.0,Semiurban,N
LN100404,Female,No,0,Graduate,No,4559,2557,213.0,360.0,1.0,Rural,N
LN100405,Male,No,1,Graduate,No,4399,1484,156.0,360.0,1.0,Semiurban,Y
LN100406,Female,Yes,1,Not Graduate,No,2106,0,63.0,300.0,0.0,Rural,N
LN100407,Male,No,0,Not Graduate,No,2865,5077,172.0,360.0,1.0,Rural,Y
LN100408,Male,No,0,Not Graduate,No,3438,0,87.0,360.0,1.0,Rural,Y
LN100409,Female,Yes,3+,Graduate,No,1693,2572,104.0,360.0,1.0,Urban,N
LN100410,Male,No,0,Graduate,No,4604,0,84.0,360.0,1.0,Urban,Y
LN100411,Male,Yes,1,Graduate,Yes,3993,1825,150.0,360.0,0.0,Semiurban,Y
LN100412,Female,Yes,0,Graduate,Yes,2016,0,55.0,360.0,1.0,Semiurban,Y
LN100413,Female,Yes,0,Graduate,No,5464,2473,209.0,360.0,1.0,Rural,Y
LN100414,Male,Yes,0,Graduate,No,6345,0,180.0,180.0,1.0,Urban,N
LN100415,Male,Yes,0,Not Graduate,No,5018,0,130.0,360.0,1.0,Urban,Y
LN100416,Male,No,3+,Graduate,No,3852,0,73.0,240.0,1.0,Rural,Y
LN100417,Male,Yes,0,Graduate,No,5977,0,117.0,180.0,1.0,Urban,Y
LN100418,Male,Yes,0,Graduate,Yes,6238,0,164.0,480.0,0.0,Semiurban,N
LN100419,Male,Yes,0,Graduate,No,5215,957,135.0,360.0,,Semiurban,N
LN100420,Male,No,0,Graduate,No,3029,0,58.0,180.0,1.0,Semiurban,Y
LN100421,Male,Yes,0,Graduate,Yes,5139,8552,329.0,360.0,1.0,Urban,N
LN100422,Male,Yes,0,Graduate,No,7988,1408,242.0,240.0,1.0,Rural,N
LN100423,Male,Yes,2,Graduate,No,3379,1513,111.0,360.0,0.0,Semiurban,Y
LN100424,Male,Yes,0,Graduate,No,12318,1420,386.0,360.0,,Rural,Y
LN100425,Male,No,0,Not Graduate,No,3497,4004,203.0,360.0,1.0,Semiurban,Y
LN100426,Male,No,2,Graduate,No,4571,0,104.0,360.0,,Urban,N
LN100427,Male,Yes,0,Graduate,No,3259,2255,158.0,360.0,,Urban,Y
LN100428,Female,No,3+,Graduate,Yes,5009,0,136.0,360.0,1.0,Urban,Y
LN100429,Male,Yes,0,Not Graduate,No,1950,2655,124.0,360.0,0.0,Semiurban,Y
LN100430,Male,No,2,Graduate,No,3462,904,112.0,360.0,1.0,Urban,N
LN100431,Male,Yes,1,Graduate,No,2664,0,48.0,360.0,1.0,Semiurban,Y
LN100432,Male,Yes,2,Not Graduate,No,4802,0,133.0,,1.0,Semiurban,N
LN100433,Male,Yes,3+,Graduate,No,7253,0,169.0,360.0,1.0,Urban,N
LN100434,Male,No,0,Graduate,No,6136,923,220.0,360.0,1.0,Urban,Y
LN100435,Male,Yes,3+,Graduate,Yes,1441,6979,248.0,180.0,0.0,Rural,N
LN100436,Male,Yes,0,Graduate,No,11992,0,315.0,360.0,1.0,Rural,Y
LN100437,Male,Yes,0,Graduate,No,5185,5231,224.0,360.0,1.0,Urban,N
LN100438,Female,No,0,Graduate,No,3100,2262,112.0,360.0,1.0,Urban,Y
LN100439,Male,Yes,0,Not Graduate,No,4853,0,110.0,360.0,0.0,Rural,Y
LN100440,Male,No,0,Not Graduate,No,4897,0,121.0,360.0,1.0,Urban,Y
LN100441,Male,No,0,Graduate,No,3267,1407,104.0,240.0,0.0,Rural,N
LN100442,Female,Yes,0,Graduate,No,4948,2725,193.0,360.0,1.0,Urban,N
LN100443,Male,No,2,Graduate,No,3362,1951,108.0,360.0,0.0,Rural,N
LN100444,Male,Yes,2,Not Graduate,No,3706,0,117.0,360.0,1.0,Urban,N
LN100445,Female,No,0,Not Graduate,No,3237,0,63.0,360.0,1.0,Rural,Y
LN100446,Female,Yes,0,Graduate,No,2262,0,70.0,300.0,1.0,Urban,Y
LN100447,Female,No,0,Not Graduate,No,4826,0,149.0,360.0,1.0,Semiurban,N
LN100448,Male,No,0,Graduate,No,5960,0,151.0,360.0,1.0,Urban,Y
LN100449,Male,No,0,Graduate,No,5762,7034,360.0,240.0,1.0,Urban,N
LN100450,Male,No,0,Graduate,No,6670,0,161.0,360.0,1.0,Rural,Y
LN100451,Male,Yes,0,Graduate,No,5258,4679,267.0,360.0,1.0,Semiurban,Y
LN100452,Male,Yes,3+,Graduate,No,3485,0,79.0,360.0,0.0,Rural,N
LN100453,Male,No,0,Graduate,No,6734,812,168.0,180.0,1.0,Semiurban,N
LN100454,Female,Yes,0,Graduate,No,2345,0,61.0,360.0,0.0,Rural,N
LN100455,Male,Yes,1,Not Graduate,No,2921,0,73.0,360.0,,Semiurban,Y
LN100456,Male,No,0,Graduate,Yes,2833,0,74.0,360.0,1.0,Rural,Y
LN100457,Male,No,0,Graduate,No,7557,3278,239.0,360.0,1.0,Rural,Y
LN100458,Male,No,1,Graduate,Yes,7075,5338,287.0,360.0,1.0,Semiurban,Y
LN100459,Male,Yes,0,Graduate,No,5686,0,109.0,360.0,0.0,Rural,N
LN100460,Male,No,0,Graduate,No,7528,0,141.0,360.0,1.0,Rural,Y
LN100461,Male,Yes,3+,Graduate,No,2951,5054,172.0,360.0,0.0,Urban,N
LN100462,Male,No,2,Graduate,No,5320,0,101.0,120.0,0.0,Semiurban,N
LN100463,Male,Yes,1,Graduate,,4238,0,82.0,120.0,1.0,Urban,N
LN100464,Male,No,0,Graduate,Yes,6757,4658,335.0,300.0,0.0,Rural,N
LN100465,Female,No,1,Graduate,No,4258,429,87.0,180.0,1.0,Urban,Y
LN100466,Male,Yes,0,Graduate,No,3741,0,102.0,300.0,0.0,Urban,N
LN100467,Male,No,0,Graduate,Yes,5834,0,127.0,240.0,1.0,Semiurban,Y
LN100468,Female,Yes,0,Graduate,No,6853,1834,262.0,120.0,1.0,Semiurban,N
LN100469,Male,No,0,Not Graduate,No,3265,0,81.0,360.0,0.0,Rural,N
LN100470,Female,No,0,Graduate,No,4370,0,97.0,120.0,1.0,Rural,Y
LN100471,Male,Yes,0,Graduate,No,2708,1746,112.0,,1.0,Semiurban,Y
LN100472,Female,No,3+,Graduate,No,1357,1225,,240.0,1.0,Urban,Y
LN100473,Male,No,2,Graduate,No,4955,0,128.0,360.0,1.0,Rural,Y
LN100474,Female,Yes,1,Graduate,No,6028,8416,283.0,360.0,1.0,Semiurban,Y
LN100475,Male,Yes,0,Not Graduate,No,5103,1175,201.0,360.0,0.0,Semiurban,Y
LN100476,Female,No,2,Not Graduate,No,1765,0,42.0,360.0,1.0,Urban,Y
LN100477,Male,No,0,Not Graduate,No,3803,1928,131.0,120.0,1.0,Semiurban,Y
LN100478,Male,No,2,Graduate,No,1552,0,43.0,480.0,1.0,Semiurban,Y
LN100479,Female,No,0,Graduate,No,8684,0,201.0,360.0,1.0,Rural,Y
LN100480,Male,Yes,2,Graduate,No,2672,1628,128.0,360.0,1.0,Semiurban,Y
LN100481,Male,No,0,Graduate,No,8221,0,200.0,360.0,1.0,Rural,Y
LN100482,Male,Yes,2,Graduate,No,7086,0,199.0,360.0,0.0,Semiurban,N
LN100483,Male,Yes,3+,Graduate,No,2921,0,57.0,360.0,1.0,Urban,Y
LN100484,Male,Yes,0,Not Graduate,No,2613,0,78.0,360.0,1.0,Rural,Y
LN100485,Male,Yes,0,Graduate,No,5324,1399,190.0,360.0,0.0,Semiurban,N
LN100486,Female,Yes,3+,Graduate,No,3001,860,81.0,180.0,,Urban,N
LN100487,Male,Yes,0,Graduate,Yes,4727,2520,145.0,360.0,1.0,Semiurban,Y
LN100488,Male,No,2,Graduate,No,3569,0,80.0,240.0,1.0,Semiurban,Y
LN100489,Female,Yes,1,Graduate,No,1914,0,61.0,300.0,0.0,Rural,N
LN100490,Female,Yes,0,Graduate,No,1543,0,40.0,360.0,1.0,Semiurban,N
LN100491,Male,Yes,0,Graduate,No,5017,0,122.0,360.0,1.0,Semiurban,Y
LN100492,Male,Yes,0,Graduate,No,3437,0,63.0,360.0,1.0,Urban,Y
LN100493,Male,Yes,2,Not Graduate,No,3451,2362,137.0,300.0,1.0,Semiurban,Y
LN100494,Male,Yes,0,Not Graduate,No,6285,8484,384.0,120.0,1.0,Rural,N
LN100495,Male,Yes,0,Graduate,No,7904,3507,358.0,360.0,1.0,Rural,N
LN100496,Male,No,0,Graduate,No,3948,0,100.0,480.0,1.0,Urban,Y
LN100497,Male,Yes,1,Not Graduate,No,3821,989,142.0,360.0,1.0,Urban,N
LN100498,Male,Yes,2,Not Graduate,Yes,5721,0,147.0,360.0,1.0,Semiurban,Y
LN100499,Female,Yes,3+,Graduate,,2346,0,44.0,360.0,1.0,Semiurban,N
LN100500,Female,No,0,Graduate,No,5009,1658,149.0,360.0,1.0,Rural,Y
LN100501,Male,Yes,2,Graduate,No,5865,3021,232.0,360.0,0.0,Rural,Y
LN100502,Male,,2,Not Graduate,No,6238,0,195.0,360.0,1.0,Semiurban,Y
LN100503,Male,Yes,1,Not Graduate,No,1776,0,53.0,360.0,1.0,Rural,Y
LN100504,Female,Yes,3+,Graduate,Yes,3122,0,66.0,360.0,0.0,Semiurban,Y
LN100505,Male,Yes,0,Not Graduate,No,2952,2164,108.0,360.0,1.0,Urban,N
LN100506,Male,Yes,0,Graduate,No,4721,0,98.0,360.0,1.0,Semiurban,Y
LN100507,Female,Yes,2,Not Graduate,No,5668,1658,226.0,300.0,1.0,Rural,N
LN100508,Female,Yes,0,Graduate,Yes,9230,0,276.0,180.0,1.0,Rural,Y
LN100509,Female,Yes,2,Not Graduate,,3548,0,102.0,360.0,0.0,Semiurban,Y
LN100510,Male,No,2,Graduate,No,3544,0,83.0,300.0,1.0,Semiurban,N
LN100511,Male,No,0,Graduate,No,7814,0,196.0,240.0,1.0,Rural,Y
LN100512,Male,No,2,Graduate,No,5188,0,127.0,360.0,1.0,Semiurban,Y
LN100513,Female,No,0,Not Graduate,Yes,8269,5944,306.0,360.0,1.0,Semiurban,N
LN100514,Female,Yes,0,Not Graduate,No,5169,4573,244.0,360.0,1.0,Rural,Y
LN100515,Male,Yes,1,Not Graduate,No,2582,1687,79.0,360.0,1.0,Rural,N
LN100516,Male,Yes,3+,Not Graduate,No,2373,3455,116.0,360.0,1.0,Semiurban,Y
LN100517,Male,Yes,0,Graduate,No,2137,3545,173.0,360.0,1.0,Semiurban,Y
LN100518,Female,No,0,Graduate,No,6183,3795,285.0,360.0,0.0,Semiurban,N
LN100519,Female,Yes,1,Graduate,No,7961,831,210.0,360.0,1.0,Urban,Y
LN100520,Male,No,1,Graduate,Yes,10933,0,276.0,360.0,1.0,Rural,Y
LN100521,Male,Yes,1,Graduate,No,6745,0,156.0,480.0,1.0,Semiurban,N
LN100522,Male,No,0,Graduate,No,7864,0,223.0,360.0,1.0,Rural,N
LN100523,Female,Yes,0,Graduate,No,3406,0,99.0,300.0,1.0,Urban,N
LN100524,Female,Yes,0,Graduate,No,2583,0,74.0,360.0,,Semiurban,Y
LN100525,Female,Yes,2,Graduate,No,6767,1945,245.0,180.0,1.0,Urban,N
LN100526,Male,Yes,0,Graduate,No,5499,0,115.0,480.0,1.0,Rural,N
LN100527,Male,Yes,0,Not Graduate,No,4738,0,108.0,360.0,0.0,Semiurban,Y
LN100528,Male,Yes,3+,Graduate,No,5420,0,133.0,360.0,1.0,Semiurban,Y
LN100529,Male,No,0,Not Graduate,No,5255,0,119.0,360.0,1.0,Urban,Y
LN100530,Female,Yes,3+,Graduate,No,8334,0,238.0,360.0,1.0,Urban,N
LN100531,Female,Yes,1,Graduate,No,8379,0,189.0,180.0,1.0,Urban,Y
LN100532,,Yes,2,Not Graduate,No,5843,0,116.0,360.0,1.0,Urban,Y
LN100533,Female,No,0,Graduate,No,6754,0,159.0,360.0,0.0,Semiurban,Y
LN100534,Male,Yes,0,Graduate,No,5759,3055,280.0,360.0,1.0,Semiurban,N
LN100535,Male,Yes,1,Graduate,No,3606,1692,112.0,360.0,1.0,Semiurban,Y
LN100536,Female,Yes,2,Graduate,No,6470,0,172.0,300.0,1.0,Semiurban,Y
LN100537,Female,Yes,2,Graduate,No,2304,0,55.0,300.0,0.0,Urban,Y
LN100538,Male,No,,Graduate,No,7463,0,142.0,240.0,1.0,Urban,Y
LN100539,Male,Yes,2,Graduate,Yes,2536,4688,179.0,360.0,1.0,Urban,Y
LN100540,Male,Yes,2,Graduate,Yes,5162,0,144.0,360.0,1.0,Rural,Y
LN100541,Female,No,1,Graduate,No,2999,0,76.0,360.0,1.0,Semiurban,N
LN100542,Male,Yes,2,Not Graduate,No,5869,4049,300.0,360.0,1.0,Urban,N
LN100543,Male,Yes,2,Graduate,,4427,0,98.0,360.0,1.0,Urban,Y
LN100544,Male,Yes,1,Graduate,No,2093,0,40.0,360.0,0.0,Rural,Y
LN100545,Male,No,0,Not Graduate,No,5507,0,171.0,300.0,1.0,Rural,Y
LN100546,Male,Yes,0,Graduate,No,3410,2641,141.0,240.0,0.0,Semiurban,N
LN100547,Male,No,0,Graduate,Yes,6869,4517,297.0,480.0,1.0,Semiurban,Y
LN100548,Male,Yes,0,Graduate,No,4503,2219,196.0,360.0,0.0,Urban,Y
LN100549,,Yes,0,Graduate,No,5441,0,123.0,480.0,1.0,Rural,Y
LN100550,Male,Yes,0,Graduate,No,2842,0,80.0,360.0,1.0,Rural,N
LN100551,Male,No,0,Not Graduate,No,3391,2691,121.0,360.0,1.0,Urban,N
LN100552,Female,Yes,0,Graduate,Yes,3611,2821,142.0,300.0,1.0,Rural,Y
LN100553,Male,No,2,Graduate,No,6789,0,136.0,300.0,1.0,Rural,Y
LN100554,Male,No,3+,Graduate,No,10067,4848,438.0,360.0,1.0,Urban,N
LN100555,Female,Yes,0,Graduate,No,3057,0,65.0,360.0,1.0,Semiurban,N
LN100556,Male,Yes,3+,Graduate,No,7546,0,212.0,240.0,1.0,Urban,Y
LN100557,Male,Yes,0,Graduate,No,1588,1271,,300.0,1.0,Urban,Y
LN100558,Male,Yes,0,Graduate,No,2537,0,64.0,180.0,1.0,Semiurban,Y
LN100559,Male,No,0,Graduate,No,2840,6411,236.0,360.0,1.0,Urban,Y
LN100560,Male,No,0,Graduate,No,2351,0,57.0,360.0,1.0,Rural,Y
LN100561,Male,Yes,2,Graduate,No,2104,0,47.0,180.0,1.0,Rural,Y
LN100562,Male,Yes,1,Not Graduate,No,5487,6486,295.0,240.0,0.0,Urban,N
LN100563,Male,No,0,Graduate,No,4061,3473,199.0,180.0,0.0,Semiurban,Y
LN100564,Male,Yes,0,Graduate,Yes,5399,0,172.0,360.0,1.0,Rural,Y
LN100565,Male,No,0,Graduate,No,6268,0,195.0,180.0,1.0,Rural,N
LN100566,Male,Yes,0,Graduate,No,5112,3886,271.0,360.0,1.0,Rural,Y
LN100567,Male,No,0,Graduate,No,6171,0,188.0,120.0,1.0,Semiurban,Y
LN100568,Male,Yes,0,Graduate,No,4352,1196,136.0,300.0,1.0,Semiurban,Y
LN100569,Female,Yes,2,Graduate,Yes,2545,1995,124.0,360.0,1.0,Semiurban,Y
LN100570,Male,Yes,3+,Not Graduate,No,7477,0,228.0,360.0,1.0,Rural,Y
LN100571,Male,Yes,0,Graduate,No,3392,0,80.0,180.0,1.0,Semiurban,Y
LN100572,Male,Yes,2,Graduate,No,2872,0,90.0,360.0,1.0,Rural,Y
LN100573,Male,No,0,Not Graduate,No,4132,4662,209.0,360.0,0.0,Urban,Y
LN100574,,No,0,Not Graduate,No,2904,0,77.0,360.0,1.0,Rural,Y
LN100575,Female,Yes,0,Not Graduate,No,3683,0,103.0,360.0,1.0,Semiurban,Y
LN100576,Female,Yes,1,Graduate,No,5308,0,166.0,360.0,0.0,Semiurban,Y
LN100577,Male,Yes,3+,Graduate,No,5319,1476,146.0,480.0,1.0,Semiurban,Y
LN100578,Female,Yes,1,Graduate,No,2924,0,83.0,300.0,1.0,Urban,Y
LN100579,Male,Yes,0,Graduate,No,3561,0,90.0,360.0,1.0,Urban,Y
LN100580,Male,Yes,,Graduate,No,7536,2547,219.0,360.0,1.0,Urban,Y
LN100581,Male,Yes,0,Graduate,No,5711,2217,229.0,180.0,1.0,Urban,Y
LN100582,Female,Yes,2,Not Graduate,No,12184,5497,455.0,120.0,,Semiurban,N
LN100583,Male,Yes,0,Graduate,No,7929,0,216.0,240.0,1.0,Rural,N
LN100584,Male,Yes,0,Not Graduate,No,7794,0,176.0,360.0,0.0,Semiurban,Y
LN100585,Male,No,1,Graduate,No,2312,5115,184.0,360.0,1.0,Urban,N
LN100586,Male,Yes,1,Graduate,No,6493,0,173.0,360.0,0.0,Rural,Y
LN100587,Male,No,0,Graduate,No,4387,11329,372.0,180.0,1.0,Semiurban,N
LN100588,Male,Yes,,Graduate,Yes,3454,1773,109.0,360.0,0.0,Rural,Y
LN100589,Male,Yes,0,Graduate,No,4878,0,153.0,360.0,1.0,Semiurban,Y
LN100590,Male,No,1,Graduate,No,7084,2333,237.0,360.0,1.0,Urban,Y
LN100591,Male,No,2,Not Graduate,No,5723,5573,319.0,360.0,1.0,Semiurban,Y
LN100592,Male,No,2,Graduate,No,2952,0,,360.0,,Semiurban,Y
LN100593,Male,Yes,0,Graduate,,6427,0,148.0,360.0,1.0,Urban,N
LN100594,Male,Yes,0,Graduate,No,3314,0,79.0,360.0,1.0,Urban,Y
LN100595,Female,No,0,Graduate,No,4993,0,118.0,360.0,0.0,Urban,N
LN100596,Male,Yes,2,Graduate,,3890,0,100.0,360.0,0.0,Urban,N
LN100597,Male,Yes,0,Graduate,No,4051,1787,150.0,360.0,1.0,Semiurban,Y
LN100598,Male,Yes,0,Graduate,No,6500,3738,256.0,300.0,1.0,Semiurban,Y
LN100599,Male,Yes,0,Graduate,No,2731,0,54.0,360.0,1.0,Urban,Y
LN100600,Male,No,0,Graduate,No,11447,0,286.0,180.0,1.0,Semiurban,Y
LN100601,Male,Yes,1,Graduate,No,1878,5889,158.0,,0.0,Semiurban,Y
LN100602,Male,Yes,0,Graduate,No,3378,0,67.0,360.0,1.0,Urban,Y
LN100603,Male,Yes,,Graduate,No,5375,1874,225.0,300.0,0.0,Urban,Y
LN100604,Male,Yes,0,Graduate,No,5957,0,158.0,300.0,1.0,Urban,Y
LN100605,Male,Yes,0,Graduate,No,4288,0,117.0,360.0,1.0,Semiurban,N
LN100606,Male,Yes,0,Graduate,No,4378,0,103.0,360.0,1.0,Urban,Y
LN100607,Male,Yes,0,Not Graduate,No,5480,3917,289.0,360.0,1.0,Semiurban,Y
LN100608,Male,No,0,Graduate,No,4028,0,108.0,360.0,1.0,Semiurban,Y
LN100609,Male,Yes,1,Not Graduate,No,8783,2736,331.0,360.0,0.0,Semiurban,N
LN100610,Male,Yes,0,Not Graduate,No,6733,0,,360.0,1.0,Urban,Y
LN100611,Male,No,2,Graduate,No,6842,0,215.0,360.0,1.0,Semiurban,Y
LN100612,Male,No,0,Graduate,Yes,2830,0,83.0,240.0,1.0,Semiurban,Y
LN100613,Male,Yes,0,Graduate,No,4332,2277,198.0,360.0,1.0,Rural,Y
LN100614,Male,Yes,2,Not Graduate,Yes,3896,2246,125.0,360.0,1.0,Rural,Y
LN100615,Female,Yes,0,Graduate,No,2777,0,61.0,360.0,1.0,Semiurban,Y
LN100616,Female,No,0,Graduate,No,5349,0,118.0,360.0,1.0,Semiurban,Y
LN100617,Male,No,0,Graduate,No,3476,0,,360.0,0.0,Semiurban,N
LN100618,Male,No,0,Not Graduate,No,6164,0,185.0,240.0,1.0,Rural,Y
LN100619,Female,Yes,2,Not Graduate,No,2692,0,50.0,360.0,0.0,Urban,N
LN100620,Male,No,0,Graduate,,10270,1565,226.0,300.0,1.0,Rural,N
LN100621,Male,Yes,2,Graduate,No,2927,15230,396.0,240.0,0.0,Semiurban,Y
LN100622,Male,Yes,2,Graduate,No,5000,0,104.0,180.0,1.0,Semiurban,Y
LN100623,Male,Yes,0,Graduate,No,6581,0,140.0,360.0,1.0,Urban,N
LN100624,Male,No,2,Not Graduate,No,3422,4030,217.0,360.0,0.0,Semiurban,N
LN100625,Male,Yes,0,Graduate,No,6775,648,192.0,360.0,1.0,Semiurban,Y
LN100626,Male,No,3+,Graduate,No,2494,0,45.0,360.0,1.0,Urban,Y
LN100627,Male,Yes,0,Graduate,No,9035,0,217.0,360.0,1.0,Urban,Y
LN100628,Male,Yes,1,Not Graduate,No,4531,0,107.0,360.0,0.0,Rural,Y
LN100629,,Yes,0,Not Graduate,No,3380,0,66.0,360.0,1.0,Semiurban,Y
LN100630,Male,Yes,0,Graduate,No,3898,0,107.0,360.0,1.0,Semiurban,Y
LN100631,Male,No,1,Graduate,Yes,6635,0,185.0,360.0,1.0,Urban,Y
LN100632,Female,Yes,1,Graduate,No,3399,5193,241.0,360.0,0.0,Semiurban,N
LN100633,Male,No,0,Graduate,No,3141,0,89.0,360.0,1.0,Semiurban,Y
LN100634,Male,No,0,Graduate,No,4046,0,73.0,360.0,1.0,Semiurban,N
LN100635,Male,No,1,Graduate,Yes,2558,0,80.0,240.0,1.0,Semiurban,N
LN100636,Male,Yes,1,Graduate,No,10783,7989,552.0,240.0,,Semiurban,N
LN100637,Male,Yes,3+,Not Graduate,No,3429,2130,170.0,360.0,1.0,Semiurban,N
LN100638,Male,Yes,2,Graduate,No,6708,0,122.0,360.0,1.0,Urban,Y
LN100639,Male,No,3+,Graduate,No,4976,0,155.0,120.0,1.0,Rural,Y
LN100640,Male,No,1,Graduate,No,2805,1894,138.0,360.0,1.0,Semiurban,Y
LN100641,Male,Yes,0,Graduate,No,4487,0,133.0,300.0,1.0,Urban,Y
LN100642,Male,No,0,Not Graduate,No,6556,0,127.0,360.0,1.0,Semiurban,N
LN100643,Male,Yes,2,Graduate,No,4111,0,117.0,360.0,,Rural,N
LN100644,Male,Yes,1,Graduate,Yes,7979,0,251.0,360.0,1.0,Urban,Y
LN100645,Male,Yes,0,Graduate,No,7348,0,202.0,300.0,1.0,Urban,Y
LN100646,Female,No,0,Graduate,No,6995,5105,314.0,300.0,0.0,Semiurban,Y
LN100647,Male,Yes,3+,Graduate,No,3609,3154,211.0,360.0,1.0,Urban,Y
LN100648,Male,No,0,Graduate,No,2680,0,65.0,240.0,1.0,Rural,Y
LN100649,Male,No,0,Graduate,No,3352,4507,207.0,360.0,1.0,Urban,Y
LN100650,Male,No,0,Not Graduate,No,4944,0,122.0,360.0,1.0,Rural,N
LN100651,Male,Yes,0,Graduate,Yes,5848,0,182.0,240.0,0.0,Urban,N
LN100652,Male,Yes,0,Graduate,No,1587,981,49.0,300.0,0.0,Urban,N
LN100653,Male,Yes,0,Not Graduate,No,4483,1789,157.0,360.0,1.0,Rural,N
LN100654,Male,Yes,0,Graduate,No,4855,0,134.0,240.0,1.0,Semiurban,N
LN100655,Male,Yes,2,Graduate,No,3939,0,115.0,120.0,1.0,Semiurban,Y
LN100656,Male,No,0,Graduate,No,8364,5700,368.0,360.0,1.0,Urban,N
LN100657,Male,Yes,2,Graduate,No,5510,2461,245.0,480.0,1.0,Semiurban,Y
LN100658,Male,Yes,2,Graduate,No,8440,992,294.0,,1.0,Semiurban,Y
LN100659,Male,Yes,0,Graduate,No,4057,0,77.0,240.0,1.0,Rural,Y
LN100660,Male,Yes,1,Not Graduate,No,7057,0,167.0,360.0,1.0,Rural,N
LN100661,Male,Yes,0,Graduate,No,9864,0,181.0,360.0,0.0,Semiurban,Y
LN100662,Female,Yes,2,Graduate,No,8446,0,191.0,360.0,1.0,Semiurban,Y
LN100663,Male,No,0,Graduate,No,2664,889,91.0,360.0,1.0,Semiurban,Y
LN100664,Male,Yes,1,Graduate,No,3984,0,123.0,360.0,1.0,Semiurban,Y
LN100665,Male,No,1,Graduate,No,3813,0,114.0,360.0,1.0,Urban,N
LN100666,Male,No,0,Graduate,No,5691,4230,196.0,180.0,1.0,Semiurban,Y
LN100667,Male,Yes,0,Not Graduate,Yes,6256,0,121.0,360.0,1.0,Urban,Y
LN100668,Male,No,1,Graduate,No,3008,0,79.0,360.0,1.0,Urban,N
LN100669,Male,Yes,1,Graduate,No,4649,4430,231.0,360.0,1.0,Urban,N
LN100670,Male,No,0,Graduate,No,1707,984,58.0,300.0,0.0,Semiurban,N
LN100671,Male,Yes,1,Graduate,No,8991,3098,370.0,120.0,1.0,Rural,Y
LN100672,Female,No,0,Graduate,No,3519,0,109.0,360.0,1.0,Semiurban,Y
LN100673,Male,No,1,Graduate,No,4622,1971,156.0,360.0,1.0,Semiurban,Y
LN100674,Male,No,0,Graduate,Yes,3878,3470,224.0,360.0,0.0,Urban,N
LN100675,Male,No,2,Graduate,No,7800,0,182.0,300.0,1.0,Semiurban,Y
LN100676,Female,Yes,0,Graduate,No,1153,0,40.0,300.0,1.0,Urban,Y
LN100677,Male,Yes,0,Graduate,Yes,4464,2370,169.0,360.0,1.0,Semiurban,Y
LN100678,Male,Yes,0,Graduate,No,4277,0,84.0,360.0,1.0,Rural,Y
LN100679,Female,Yes,0,Not Graduate,No,3619,1881,170.0,360.0,1.0,Urban,N
LN100680,Female,No,0,Graduate,No,10305,0,251.0,360.0,1.0,Urban,Y
LN100681,Female,Yes,0,Graduate,No,2939,0,83.0,360.0,1.0,Semiurban,Y
LN100682,Male,No,2,Graduate,No,6518,0,151.0,360.0,1.0,Rural,N
LN100683,Male,Yes,0,Graduate,No,5339,774,112.0,360.0,1.0,Rural,Y
LN100684,Male,No,0,Graduate,No,8245,0,160.0,360.0,0.0,Rural,N
LN100685,Female,Yes,0,Graduate,No,3267,0,82.0,360.0,1.0,Semiurban,N
LN100686,Male,No,0,Graduate,No,3165,1607,132.0,360.0,1.0,Rural,N
LN100687,Male,No,0,Not Graduate,Yes,7616,1085,197.0,360.0,1.0,Urban,Y
LN100688,Male,Yes,0,Graduate,Yes,5519,6525,334.0,300.0,0.0,Urban,Y
LN100689,Male,Yes,0,Graduate,No,2144,0,60.0,360.0,1.0,Rural,Y
LN100690,Male,No,0,Graduate,No,3474,0,97.0,360.0,1.0,Rural,N
LN100691,Male,Yes,0,Not Graduate,No,5417,1194,165.0,300.0,1.0,Urban,N
LN100692,Male,Yes,1,Graduate,No,6728,1465,252.0,360.0,1.0,Urban,Y
LN100693,,Yes,0,Graduate,No,3248,0,81.0,240.0,1.0,Urban,Y
LN100694,Male,Yes,0,Graduate,No,1111,0,40.0,360.0,1.0,Urban,Y
LN100695,Male,Yes,3+,Graduate,No,5785,1748,157.0,480.0,1.0,Urban,Y
LN100696,Male,Yes,0,Graduate,No,2505,0,56.0,120.0,0.0,Rural,N
LN100697,Male,Yes,1,Not Graduate,No,1709,1472,59.0,360.0,1.0,Semiurban,Y
LN100698,Male,Yes,0,Graduate,No,1156,0,40.0,300.0,1.0,Rural,Y
LN100699,Male,No,2,Not Graduate,,6651,0,143.0,180.0,,Rural,N
LN100700,Male,Yes,2,Graduate,No,4787,1846,148.0,360.0,0.0,Semiurban,Y
LN100701,Male,No,0,Graduate,No,4038,0,116.0,360.0,1.0,Rural,Y
LN100702,Male,Yes,3+,Graduate,Yes,8765,0,198.0,120.0,0.0,Semiurban,Y
LN100703,Male,Yes,0,Graduate,No,6110,0,131.0,360.0,1.0,Urban,Y
LN100704,Male,Yes,0,Not Graduate,No,9776,0,199.0,360.0,1.0,Semiurban,Y
LN100705,Male,Yes,2,Not Graduate,No,2306,2730,145.0,360.0,0.0,Semiurban,Y
LN100706,Female,Yes,2,Not Graduate,No,4426,2022,128.0,180.0,1.0,Rural,Y
LN100707,Male,Yes,0,Graduate,No,2071,1043,76.0,360.0,1.0,Rural,N
LN100708,Female,Yes,0,Graduate,No,4031,0,101.0,360.0,,Semiurban,Y
LN100709,Male,Yes,0,Graduate,No,3994,0,110.0,360.0,1.0,Rural,Y
LN100710,Male,No,0,Not Graduate,No,6079,0,163.0,360.0,1.0,Urban,N
LN100711,Male,Yes,2,Graduate,No,4600,727,156.0,360.0,1.0,Rural,Y
LN100712,Male,Yes,0,Graduate,No,6070,2300,156.0,180.0,0.0,Semiurban,N
LN100713,Male,No,0,Graduate,No,6307,1017,162.0,360.0,1.0,Urban,Y
LN100714,Male,Yes,0,Graduate,No,12660,0,278.0,360.0,1.0,Semiurban,N
LN100715,Male,Yes,0,Not Graduate,No,3868,0,78.0,360.0,0.0,Semiurban,N
LN100716,Female,No,0,Graduate,No,2864,0,63.0,360.0,1.0,Urban,N
LN100717,Female,Yes,1,Graduate,No,5064,0,113.0,360.0,1.0,Rural,Y
LN100718,Female,No,3+,Graduate,No,3062,0,77.0,360.0,1.0,Urban,Y
LN100719,Male,No,2,Graduate,No,9165,578,266.0,480.0,1.0,Rural,Y
LN100720,Male,Yes,0,Graduate,No,3928,0,92.0,180.0,1.0,Semiurban,Y
LN100721,Female,Yes,2,Graduate,No,3430,0,96.0,360.0,1.0,Semiurban,Y
LN100722,Male,Yes,2,Not Graduate,,3589,0,81.0,360.0,1.0,Semiurban,Y
LN100723,Male,Yes,2,Not Graduate,No,6353,1224,167.0,360.0,,Rural,Y
LN100724,Male,Yes,0,Graduate,No,4172,1672,149.0,360.0,1.0,Semiurban,Y
LN100725,Male,No,0,Graduate,No,3307,939,78.0,360.0,1.0,Semiurban,Y
LN100726,Female,Yes,0,Not Graduate,Yes,10009,1301,216.0,360.0,1.0,Semiurban,N
LN100727,Male,Yes,0,Graduate,No,2984,0,71.0,360.0,1.0,Semiurban,Y
LN100728,Male,No,0,Graduate,No,4577,4776,292.0,,1.0,Rural,Y
LN100729,Male,No,0,Graduate,No,6155,0,173.0,360.0,0.0,Urban,N
LN100730,Male,Yes,0,Graduate,No,2057,0,40.0,360.0,1.0,Semiurban,Y
LN100731,Male,Yes,2,Graduate,Yes,5667,1952,227.0,,0.0,Urban,N
LN100732,Female,Yes,0,Not Graduate,Yes,2712,1095,108.0,180.0,1.0,Rural,N
LN100733,Male,Yes,0,Graduate,No,6679,0,177.0,360.0,0.0,Rural,N
LN100734,Male,Yes,3+,Graduate,No,2835,0,84.0,180.0,1.0,Urban,Y
LN100735,Male,Yes,3+,Graduate,No,6275,0,148.0,360.0,1.0,Urban,Y
LN100736,Female,No,2,Graduate,Yes,7651,0,161.0,240.0,1.0,Urban,Y
LN100737,Male,Yes,3+,Graduate,,6804,0,171.0,360.0,1.0,Semiurban,Y
LN100738,Female,Yes,0,Graduate,No,5077,0,130.0,120.0,1.0,Semiurban,Y
LN100739,Male,Yes,3+,Graduate,No,4027,0,103.0,360.0,1.0,Rural,Y
LN100740,Male,Yes,0,Graduate,No,3412,1624,130.0,360.0,1.0,Semiurban,Y
LN100741,Male,No,0,Not Graduate,No,9117,0,285.0,360.0,1.0,Urban,Y
LN100742,Male,No,0,Not Graduate,Yes,3217,0,99.0,480.0,1.0,Rural,Y
LN100743,Male,No,0,Graduate,Yes,2735,0,83.0,360.0,1.0,Semiurban,N
LN100744,Male,Yes,0,Graduate,No,6193,532,197.0,360.0,1.0,Semiurban,Y
LN100745,Male,Yes,1,Graduate,No,3071,0,96.0,180.0,1.0,Urban,Y
LN100746,Female,Yes,2,Graduate,Yes,2852,0,55.0,360.0,1.0,Semiurban,Y
LN100747,Male,Yes,1,Graduate,No,2250,0,49.0,360.0,1.0,Rural,Y
LN100748,Male,Yes,0,Graduate,Yes,3569,1383,123.0,360.0,1.0,Semiurban,Y
LN100749,Female,No,2,Graduate,No,4325,2133,193.0,240.0,1.0,Semiurban,Y
LN100750,Male,Yes,1,Not Graduate,No,5057,3028,203.0,480.0,1.0,Semiurban,N
LN100751,Male,Yes,0,Not Graduate,No,7104,3923,314.0,300.0,1.0,Rural,N
LN100752,Female,Yes,1,Not Graduate,No,5795,669,129.0,360.0,1.0,Urban,Y
LN100753,Male,Yes,0,Graduate,No,4106,1405,119.0,360.0,0.0,Semiurban,N
LN100754,Male,Yes,0,Graduate,No,4092,0,116.0,300.0,1.0,Rural,N
LN100755,Male,No,2,Graduate,No,5749,0,117.0,360.0,1.0,Urban,N
LN100756,Male,No,0,Graduate,No,8289,12683,481.0,360.0,1.0,Semiurban,Y
LN100757,Male,No,0,Graduate,Yes,4781,0,104.0,480.0,1.0,Semiurban,Y
LN100758,Male,Yes,2,Graduate,No,3593,0,82.0,360.0,1.0,Semiurban,Y
LN100759,Female,Yes,1,Graduate,No,2794,3247,169.0,360.0,1.0,Semiurban,Y
LN100760,Male,Yes,0,Not Graduate,No,2249,0,52.0,180.0,0.0,Urban,N
LN100761,Male,Yes,0,Graduate,No,6196,2682,229.0,360.0,0.0,Semiurban,N
LN100762,Male,No,0,Graduate,No,5939,1387,142.0,360.0,1.0,Urban,Y
LN100763,Male,Yes,1,Graduate,No,5937,0,174.0,360.0,1.0,Semiurban,Y
LN100764,Male,Yes,0,Graduate,No,4231,3848,187.0,300.0,1.0,Urban,Y
LN100765,Male,Yes,0,Graduate,No,8841,0,239.0,360.0,1.0,Urban,N
LN100766,Male,Yes,3+,Graduate,No,3567,0,100.0,300.0,0.0,Rural,N
LN100767,Male,No,0,Graduate,No,7118,0,149.0,360.0,1.0,Semiurban,Y
LN100768,Female,Yes,0,Graduate,,4417,5390,298.0,300.0,1.0,Rural,Y
LN100769,Male,Yes,0,Graduate,No,3360,2394,153.0,360.0,,Urban,Y
LN100770,Female,Yes,1,Graduate,No,5980,0,144.0,120.0,1.0,Semiurban,Y
LN100771,Male,Yes,0,Graduate,Yes,5478,5551,227.0,300.0,0.0,Urban,N
LN100772,Female,No,0,Not Graduate,No,5341,0,167.0,300.0,1.0,Rural,Y
LN100773,Male,No,2,Graduate,No,4679,3325,,360.0,1.0,Rural,Y
LN100774,Male,No,0,Graduate,No,4419,0,92.0,300.0,1.0,Urban,Y
LN100775,Male,No,0,Graduate,No,14161,4997,435.0,360.0,0.0,Rural,N
LN100776,Male,Yes,0,Not Graduate,No,7945,0,,360.0,1.0,Urban,N
LN100777,Male,No,0,Not Graduate,Yes,6366,0,177.0,360.0,,Semiurban,Y
LN100778,Male,Yes,0,Graduate,No,4748,0,136.0,360.0,1.0,Rural,Y
LN100779,Male,Yes,0,Graduate,No,7297,1129,204.0,180.0,,Rural,N
LN100780,Male,No,0,Not Graduate,No,5770,0,162.0,360.0,1.0,Rural,N
LN100781,Male,Yes,0,Graduate,Yes,4557,6852,267.0,240.0,1.0,Semiurban,Y
LN100782,Male,No,2,Graduate,No,3890,0,82.0,360.0,1.0,Urban,N
LN100783,Male,Yes,3+,Graduate,No,4329,0,116.0,300.0,1.0,Urban,N
LN100784,Male,Yes,2,Not Graduate,No,1000,0,,360.0,1.0,Semiurban,Y
LN100785,Male,No,2,Not Graduate,No,4979,2748,173.0,360.0,0.0,Rural,N
LN100786,Female,No,0,Graduate,No,3559,0,87.0,360.0,1.0,Urban,Y
LN100787,Male,Yes,3+,Graduate,No,9665,7511,471.0,240.0,1.0,Semiurban,N
LN100788,Male,Yes,0,Graduate,No,4542,2746,186.0,360.0,1.0,Semiurban,Y
LN100789,Male,Yes,3+,Graduate,,2543,431,89.0,240.0,1.0,Semiurban,Y
LN100790,Female,Yes,3+,Not Graduate,No,4394,0,126.0,360.0,0.0,Semiurban,N
LN100791,Male,Yes,1,Graduate,Yes,2724,1994,89.0,360.0,1.0,Semiurban,Y
LN100792,Male,No,3+,Graduate,No,5648,2381,257.0,360.0,0.0,Rural,N
LN100793,Male,Yes,0,Graduate,Yes,5174,0,148.0,360.0,0.0,Urban,N
LN100794,Male,No,0,Graduate,No,7127,4224,342.0,360.0,1.0,Rural,Y
LN100795,Male,Yes,0,Graduate,,3079,0,83.0,360.0,1.0,Urban,Y
LN100796,Female,Yes,1,Graduate,No,4574,0,137.0,360.0,0.0,Urban,N
LN100797,Female,No,0,Graduate,No,2337,0,46.0,360.0,1.0,Semiurban,N
LN100798,Male,Yes,1,Graduate,No,6302,0,144.0,360.0,1.0,Rural,Y
LN100799,Male,Yes,3+,Graduate,Yes,5773,0,175.0,180.0,1.0,Urban,N
LN100800,,Yes,0,Graduate,No,5709,0,119.0,360.0,,Semiurban,Y
LN100801,Male,No,2,Graduate,Yes,4503,3642,156.0,360.0,1.0,Semiurban,Y
LN100802,Male,No,2,Not Graduate,Yes,5491,0,159.0,180.0,1.0,Urban,N
LN100803,Male,Yes,3+,Not Graduate,No,9720,0,289.0,360.0,1.0,Rural,Y
LN100804,Male,Yes,3+,Not Graduate,No,3924,0,80.0,360.0,0.0,Rural,N
LN100805,Male,Yes,0,Graduate,No,4810,1601,192.0,180.0,1.0,Urban,N
LN100806,Male,,3+,Not Graduate,No,2672,4261,191.0,360.0,1.0,Semiurban,Y
LN100807,Female,No,2,Graduate,Yes,2966,1347,109.0,360.0,1.0,Rural,Y
LN100808,Female,Yes,0,Graduate,No,4716,3930,256.0,360.0,1.0,Semiurban,Y
LN100809,Male,Yes,0,Graduate,No,7644,0,182.0,360.0,1.0,Semiurban,Y
LN100810,Male,Yes,1,Graduate,No,3979,1286,109.0,360.0,1.0,Urban,Y
LN100811,Female,No,0,Graduate,No,4018,0,88.0,120.0,1.0,Semiurban,Y
LN100812,Female,No,1,Graduate,No,3702,0,93.0,360.0,1.0,Urban,Y
LN100813,Male,Yes,1,Graduate,Yes,3481,801,109.0,360.0,1.0,Rural,Y
LN100814,Female,Yes,0,Graduate,No,5184,0,152.0,360.0,0.0,Semiurban,N
LN100815,Female,Yes,0,Graduate,No,2193,2638,140.0,360.0,1.0,Urban,N
LN100816,Male,No,2,Graduate,No,8322,1966,269.0,360.0,0.0,Rural,N
LN100817,Male,Yes,0,Graduate,No,3270,0,95.0,360.0,0.0,Urban,N
LN100818,Male,No,0,Not Graduate,No,6364,0,132.0,360.0,1.0,Semiurban,Y
LN100819,,Yes,0,Not Graduate,No,2446,0,46.0,360.0,1.0,Semiurban,Y
LN100820,Male,Yes,0,Graduate,No,6204,3649,298.0,360.0,1.0,Urban,Y
LN100821,Female,Yes,3+,Graduate,No,6213,2474,166.0,480.0,0.0,Rural,N
LN100822,Male,Yes,0,Graduate,No,5411,0,116.0,360.0,1.0,Rural,Y
LN100823,Male,Yes,,Not Graduate,No,2792,0,77.0,240.0,1.0,Urban,N
LN100824,Male,No,0,Graduate,No,5073,1538,157.0,360.0,1.0,Semiurban,N
LN100825,Male,Yes,0,Graduate,No,2550,2083,140.0,360.0,1.0,Semiurban,Y
LN100826,Female,Yes,2,Graduate,No,3986,0,88.0,360.0,1.0,Rural,N
LN100827,Male,Yes,1,Graduate,No,7376,0,134.0,360.0,1.0,Urban,Y
LN100828,Male,No,0,Graduate,No,6596,5151,261.0,360.0,1.0,Semiurban,Y
LN100829,Male,No,0,Not Graduate,No,4533,0,118.0,300.0,1.0,Semiurban,N
LN100830,Male,Yes,0,Graduate,,2818,0,66.0,360.0,1.0,Semiurban,Y
LN100831,Male,No,0,Graduate,,6135,2053,209.0,360.0,1.0,Semiurban,Y
LN100832,Male,Yes,,Not Graduate,No,4542,5997,319.0,300.0,1.0,Urban,Y
LN100833,Male,Yes,0,Not Graduate,No,1477,0,45.0,240.0,1.0,Rural,Y
LN100834,Male,No,0,Graduate,No,6552,0,142.0,480.0,1.0,Semiurban,Y
LN100835,Male,No,0,Graduate,No,4448,0,109.0,360.0,0.0,Rural,N
LN100836,Male,No,2,Graduate,Yes,8015,0,206.0,360.0,1.0,Urban,Y
LN100837,Female,Yes,3+,Not Graduate,No,2660,6522,287.0,360.0,1.0,Semiurban,Y
LN100838,Male,Yes,0,Graduate,No,1000,0,40.0,360.0,1.0,Rural,Y
LN100839,Male,No,2,Not Graduate,Yes,5145,2881,171.0,360.0,1.0,Semiurban,Y
LN100840,Male,Yes,0,Graduate,No,5176,5778,309.0,360.0,1.0,Rural,N
LN100841,Male,Yes,0,Graduate,No,1999,0,47.0,180.0,1.0,Rural,Y
LN100842,Male,Yes,2,Graduate,No,2813,0,51.0,360.0,1.0,Semiurban,Y
LN100843,Male,Yes,2,Graduate,No,16888,0,306.0,360.0,1.0,Semiurban,Y
LN100844,Female,Yes,3+,Graduate,Yes,3886,1842,140.0,360.0,,Urban,Y
LN100845,Male,No,1,Graduate,No,6391,2772,228.0,360.0,1.0,Semiurban,Y
LN100846,Male,Yes,0,Graduate,No,3293,0,60.0,360.0,1.0,Urban,Y
LN100847,Male,Yes,2,Not Graduate,No,1650,1683,92.0,240.0,1.0,Rural,N
LN100848,Female,Yes,0,Graduate,No,4147,1298,120.0,360.0,1.0,Semiurban,Y
LN100849,Male,No,0,Graduate,No,3961,2948,179.0,,0.0,Semiurban,N
LN100850,Male,Yes,0,Graduate,Yes,3714,0,82.0,300.0,1.0,Urban,Y
LN100851,Male,Yes,1,Graduate,No,4259,0,87.0,480.0,0.0,Rural,Y
LN100852,Male,No,0,Graduate,No,5109,2932,191.0,240.0,1.0,Urban,Y
LN100853,Male,No,0,Graduate,No,4187,0,89.0,300.0,1.0,Urban,Y
LN100854,Female,No,2,Not Graduate,No,2453,0,63.0,360.0,1.0,Urban,N
LN100855,Male,No,0,Graduate,No,5683,0,118.0,360.0,1.0,Rural,Y
LN100856,Male,Yes,0,Graduate,No,1765,0,44.0,240.0,,Rural,N
LN100857,Male,No,0,Graduate,No,1682,0,40.0,360.0,1.0,Semiurban,Y
LN100858,Male,Yes,0,Graduate,No,6417,2111,234.0,360.0,1.0,Rural,Y
LN100859,Male,No,0,Graduate,No,5740,0,164.0,300.0,1.0,Urban,Y
LN100860,Male,No,0,Not Graduate,No,4378,0,86.0,360.0,1.0,Rural,Y
LN100861,Male,No,2,Not Graduate,No,2303,2173,110.0,360.0,1.0,Urban,N
LN100862,Male,No,0,Graduate,No,3204,0,61.0,360.0,1.0,Urban,Y
LN100863,Male,Yes,3+,Graduate,Yes,3967,0,105.0,360.0,0.0,Urban,Y
LN100864,Male,Yes,1,Graduate,,2092,1668,82.0,180.0,1.0,Semiurban,N
LN100865,Male,No,0,Graduate,No,3156,756,99.0,360.0,1.0,Rural,N
LN100866,Male,No,1,Graduate,No,6155,5927,305.0,360.0,,Semiurban,N
LN100867,Male,Yes,0,Graduate,No,8928,1801,332.0,240.0,1.0,Rural,N
LN100868,Male,Yes,2,Graduate,No,3679,0,95.0,360.0,1.0,Semiurban,Y
LN100869,Female,Yes,0,Graduate,No,6470,794,190.0,360.0,0.0,Urban,N
LN100870,Female,No,0,Graduate,No,1796,0,42.0,360.0,1.0,Semiurban,Y
LN100871,Male,No,2,Graduate,No,6176,1081,227.0,360.0,0.0,Semiurban,N
LN100872,Male,Yes,3+,Graduate,Yes,3059,0,88.0,360.0,1.0,Rural,N
LN100873,Male,Yes,2,Graduate,No,5215,4524,214.0,360.0,1.0,Semiurban,Y
LN100874,Male,No,0,Not Graduate,No,3995,3288,217.0,360.0,1.0,Semiurban,N
LN100875,Male,No,2,Graduate,No,8481,2405,262.0,180.0,1.0,Urban,Y
LN100876,Male,Yes,0,Graduate,No,2958,0,88.0,360.0,1.0,Semiurban,Y
LN100877,Male,Yes,0,Graduate,No,6082,0,180.0,240.0,1.0,Rural,Y
LN100878,Male,Yes,0,Not Graduate,No,3935,2825,140.0,180.0,1.0,Urban,N
LN100879,Male,Yes,1,Graduate,No,4171,1499,158.0,360.0,0.0,Rural,Y
LN100880,Male,Yes,0,Graduate,No,4120,0,91.0,360.0,1.0,Semiurban,Y
LN100881,Male,No,0,Graduate,No,2999,3894,153.0,360.0,1.0,Urban,Y
LN100882,Male,No,2,Graduate,No,4470,4674,203.0,360.0,1.0,Rural,N
LN100883,Male,Yes,0,Not Graduate,No,4367,0,123.0,360.0,1.0,Semiurban,Y
LN100884,Male,No,0,Graduate,No,5052,10424,328.0,360.0,0.0,Semiurban,N
LN100885,Male,Yes,0,Not Graduate,Yes,4686,0,84.0,360.0,0.0,Urban,N
LN100886,Male,Yes,3+,Not Graduate,No,6600,0,185.0,360.0,1.0,Urban,Y
LN100887,Male,Yes,0,Not Graduate,No,7010,0,143.0,360.0,1.0,Rural,Y
LN100888,Male,Yes,0,Graduate,No,2718,11633,279.0,360.0,1.0,Semiurban,N
LN100889,Male,No,2,Graduate,Yes,6828,981,167.0,360.0,1.0,Rural,N
LN100890,Male,No,2,Graduate,No,2546,0,59.0,480.0,1.0,Urban,N
LN100891,Male,Yes,0,Graduate,No,5967,533,160.0,300.0,1.0,Urban,Y
LN100892,Female,Yes,1,Graduate,Yes,6059,2834,166.0,360.0,0.0,Urban,N
LN100893,Female,No,2,Graduate,No,1798,3170,157.0,360.0,0.0,Semiurban,N
LN100894,Male,Yes,1,Graduate,No,4705,0,132.0,360.0,1.0,Rural,Y
LN100895,Male,Yes,0,Graduate,No,3594,1634,118.0,360.0,1.0,Semiurban,N
LN100896,Male,No,2,Not Graduate,Yes,3126,0,70.0,480.0,0.0,Urban,Y
LN100897,Male,Yes,0,Graduate,No,8606,0,209.0,360.0,1.0,Rural,N
LN100898,Female,Yes,0,Not Graduate,No,3288,0,88.0,360.0,1.0,Rural,Y
LN100899,Male,Yes,0,Graduate,Yes,3056,0,61.0,360.0,1.0,Urban,N
LN100900,Male,No,0,Not Graduate,No,4667,3328,165.0,360.0,1.0,Rural,Y
LN100901,Male,Yes,0,Graduate,,6254,0,188.0,360.0,0.0,Urban,N
LN100902,Male,Yes,2,Graduate,No,4204,3365,163.0,360.0,1.0,Urban,N
LN100903,Male,No,0,Not Graduate,Yes,7877,0,184.0,300.0,1.0,Urban,Y
LN100904,Male,Yes,0,Graduate,No,5806,0,175.0,360.0,1.0,Semiurban,Y
LN100905,Male,,0,Not Graduate,No,1582,1525,85.0,120.0,0.0,Semiurban,N
LN100906,Female,Yes,0,Graduate,No,3490,1936,,360.0,0.0,Urban,Y
LN100907,Female,No,3+,Graduate,No,3436,0,95.0,360.0,1.0,Urban,N
LN100908,Male,Yes,0,Graduate,,5664,0,104.0,360.0,1.0,Rural,Y
LN100909,,Yes,0,Graduate,No,1277,0,40.0,480.0,1.0,Rural,Y
LN100910,Male,Yes,0,Graduate,No,15296,0,380.0,360.0,1.0,Rural,N
LN100911,Male,Yes,0,Graduate,No,5806,1224,207.0,240.0,1.0,Urban,Y
LN100912,Male,No,0,Graduate,No,4833,8038,404.0,360.0,1.0,Urban,N
LN100913,Male,No,1,Graduate,No,7935,0,246.0,360.0,1.0,Urban,Y
LN100914,Male,Yes,3+,Not Graduate,No,13860,1618,476.0,360.0,1.0,Urban,N
LN100915,Male,Yes,0,Not Graduate,No,6835,1324,205.0,360.0,1.0,Semiurban,Y
LN100916,Male,No,1,Graduate,No,7096,0,164.0,360.0,0.0,Semiurban,N
LN100917,Male,No,2,Graduate,No,4791,0,117.0,360.0,1.0,Semiurban,Y
LN100918,Female,,2,Graduate,No,4204,1360,154.0,360.0,1.0,Semiurban,Y
LN100919,Male,Yes,0,Graduate,No,3581,5131,265.0,360.0,0.0,Urban,Y
LN100920,Male,Yes,0,Not Graduate,No,3027,0,63.0,240.0,1.0,Semiurban,Y
LN100921,Female,No,0,Not Graduate,No,3236,0,100.0,360.0,1.0,Semiurban,Y
LN100922,Male,Yes,1,Graduate,No,2353,0,69.0,360.0,1.0,Semiurban,Y
LN100923,Female,Yes,2,Not Graduate,No,4339,1536,186.0,360.0,1.0,Urban,Y
LN100924,Male,Yes,0,Graduate,No,2005,0,61.0,180.0,1.0,Semiurban,Y
LN100925,Male,No,0,Not Graduate,Yes,4932,0,108.0,360.0,1.0,Urban,Y
LN100926,Male,Yes,2,Graduate,No,4422,8143,245.0,360.0,0.0,Urban,N
LN100927,Male,Yes,2,Graduate,No,4829,1096,116.0,300.0,1.0,Rural,Y
LN100928,Male,Yes,3+,Graduate,No,3502,6786,227.0,360.0,1.0,Rural,Y
LN100929,Male,Yes,2,Graduate,No,19707,0,524.0,360.0,1.0,Urban,N
LN100930,Male,Yes,0,Graduate,No,8645,0,253.0,300.0,1.0,Urban,Y
LN100931,Male,Yes,1,Not Graduate,No,2476,0,76.0,180.0,1.0,Semiurban,N
LN100932,Female,Yes,1,Graduate,No,5032,0,135.0,360.0,1.0,Urban,N
LN100933,Female,Yes,0,Graduate,No,3361,4384,140.0,120.0,1.0,Semiurban,Y
LN100934,Male,Yes,0,Graduate,No,2765,0,57.0,360.0,1.0,Urban,Y
LN100935,Male,No,1,Graduate,No,2365,0,46.0,360.0,1.0,Urban,Y
LN100936,Male,No,0,Graduate,No,5537,0,128.0,360.0,1.0,Rural,Y
LN100937,Male,Yes,2,Graduate,No,3245,0,81.0,300.0,0.0,Rural,N
LN100938,Female,No,1,Graduate,No,7161,2174,174.0,120.0,1.0,Urban,Y
LN100939,Male,Yes,3+,Graduate,No,7251,0,,300.0,1.0,Semiurban,Y
LN100940,Male,Yes,0,Graduate,No,8702,0,178.0,240.0,1.0,Urban,Y
LN100941,Male,Yes,0,Graduate,No,2989,0,81.0,360.0,1.0,Urban,Y
LN100942,Male,Yes,1,Not Graduate,No,5653,0,138.0,240.0,1.0,Rural,Y
LN100943,Male,No,0,Graduate,No,6096,0,152.0,360.0,1.0,Semiurban,N
LN100944,Female,No,1,Graduate,No,3584,2710,151.0,360.0,1.0,Semiurban,Y
LN100945,Male,No,2,Graduate,No,3107,4594,242.0,360.0,1.0,Rural,Y
LN100946,Male,Yes,0,Graduate,No,9744,4143,292.0,180.0,0.0,Rural,N
LN100947,Male,Yes,0,Graduate,No,5019,2550,191.0,180.0,1.0,Rural,Y
LN100948,Female,Yes,0,Graduate,No,6106,1395,212.0,120.0,0.0,Urban,N
LN100949,Female,Yes,0,Graduate,No,3033,1635,120.0,360.0,1.0,Urban,Y
LN100950,Male,Yes,3+,Graduate,No,2506,0,78.0,360.0,1.0,Semiurban,Y
LN100951,Male,Yes,2,Graduate,No,3424,0,80.0,360.0,1.0,Semiurban,Y
LN100952,Male,Yes,1,Not Graduate,Yes,4240,0,104.0,360.0,0.0,Rural,N
LN100953,Male,Yes,1,Not Graduate,No,2700,3979,128.0,360.0,0.0,Semiurban,N
LN100954,Female,No,0,Graduate,No,4479,2418,183.0,360.0,1.0,Rural,N
LN100955,Male,No,3+,Graduate,No,2001,2526,100.0,360.0,1.0,Urban,Y
LN100956,Male,No,1,Not Graduate,No,2629,0,,360.0,1.0,Rural,Y
LN100957,Male,Yes,1,Not Graduate,No,6210,1788,205.0,240.0,1.0,Semiurban,Y
LN100958,,Yes,2,Graduate,No,6013,0,153.0,360.0,1.0,Rural,N
LN100959,Male,Yes,0,Graduate,No,3728,0,71.0,360.0,0.0,Urban,N
LN100960,Male,No,2,Graduate,No,2761,0,77.0,360.0,1.0,Semiurban,Y
LN100961,Male,Yes,0,Graduate,No,2748,0,73.0,360.0,1.0,Rural,Y
LN100962,Male,Yes,0,Graduate,No,3762,0,78.0,360.0,1.0,Semiurban,Y
LN100963,Male,No,0,Graduate,No,6132,0,151.0,360.0,1.0,Semiurban,Y
LN100964,Male,Yes,3+,Graduate,No,7026,0,197.0,360.0,1.0,Rural,N
LN100965,Male,Yes,2,Graduate,No,3546,3507,179.0,360.0,1.0,Semiurban,Y
LN100966,Male,Yes,1,Not Graduate,No,2587,1239,90.0,,0.0,Semiurban,Y
LN100967,Male,Yes,1,Graduate,No,5117,4780,223.0,360.0,1.0,Urban,Y
LN100968,Male,Yes,0,Graduate,No,3031,0,80.0,360.0,1.0,Rural,Y
LN100969,Male,Yes,3+,Graduate,No,3509,1199,147.0,360.0,1.0,Semiurban,Y
LN100970,Male,Yes,0,Graduate,No,8501,1463,273.0,360.0,1.0,Semiurban,N
LN100971,Male,Yes,0,Not Graduate,No,6693,0,127.0,360.0,1.0,Urban,Y
LN100972,Female,No,0,Graduate,No,4854,0,119.0,360.0,1.0,Semiurban,N
LN100973,Male,Yes,2,Graduate,No,2444,0,74.0,360.0,1.0,Urban,N
LN100974,Male,Yes,1,Graduate,No,4981,0,96.0,180.0,0.0,Urban,Y
LN100975,Male,Yes,0,Graduate,No,7494,2126,306.0,360.0,1.0,Semiurban,Y
LN100976,Male,No,0,Not Graduate,No,3758,1174,154.0,180.0,1.0,Urban,Y
LN100977,Male,Yes,2,Graduate,Yes,8607,0,164.0,360.0,0.0,Urban,N
LN100978,Male,Yes,0,Graduate,No,8370,2553,339.0,360.0,1.0,Semiurban,Y
LN100979,Male,No,1,Graduate,Yes,10001,6467,380.0,360.0,0.0,Urban,N
LN100980,Male,No,3+,Graduate,Yes,5210,2070,217.0,180.0,1.0,Urban,Y
LN100981,Male,Yes,0,Not Graduate,No,5966,0,142.0,360.0,1.0,Urban,Y
LN100982,Male,No,0,Not Graduate,No,8872,6328,367.0,360.0,0.0,Semiurban,N
LN100983,Male,Yes,1,Graduate,No,5578,0,150.0,360.0,0.0,Semiurban,Y
LN100984,Male,Yes,,Graduate,No,3538,3008,189.0,180.0,1.0,Semiurban,N
LN100985,Male,Yes,0,Not Graduate,No,3628,0,67.0,360.0,1.0,Urban,N
LN100986,Male,Yes,3+,Not Graduate,No,5046,0,133.0,360.0,1.0,Urban,Y
LN100987,Male,No,0,Graduate,,2422,4942,152.0,180.0,,Urban,N
LN100988,Male,Yes,0,Graduate,No,4201,0,96.0,360.0,1.0,Semiurban,N
LN100989,Male,Yes,1,Graduate,No,7617,0,174.0,360.0,1.0,Rural,Y
LN100990,Female,No,2,Not Graduate,No,1572,0,40.0,360.0,1.0,Urban,N
LN100991,Male,No,0,Graduate,No,9399,3617,295.0,360.0,1.0,Urban,Y
LN100992,Male,Yes,2,Graduate,No,7712,0,150.0,360.0,1.0,Urban,Y
LN100993,Male,Yes,0,Graduate,No,3609,3105,135.0,360.0,1.0,Semiurban,Y
LN100994,Male,Yes,0,Graduate,No,5841,0,108.0,360.0,0.0,Semiurban,N
LN100995,Male,No,0,Graduate,Yes,4507,0,111.0,360.0,1.0,Semiurban,N
LN100996,Male,No,2,Graduate,No,8121,0,255.0,240.0,0.0,Rural,Y
LN100997,Female,No,0,Graduate,Yes,7212,0,141.0,360.0,1.0,Semiurban,Y
LN100998,Male,Yes,0,Graduate,No,2298,0,72.0,360.0,1.0,Urban,Y
LN100999,Female,Yes,0,Graduate,No,5965,0,169.0,360.0,1.0,Urban,N
LN101000,Male,Yes,2,Graduate,No,4077,7971,324.0,360.0,1.0,Semiurban,Y
